Sequence,Fitness
SFQRAQLSQHA,0.6335926093464468
SFQRMQLSQHA,0.28451177916281406
SFQRAQLSQFA,0.1243458158815992
SFQRAQLSKHA,0.3302712857868632
SFQRAQLKQHA,0.1001100846664017
SFQRAQLSRHA,0.291891880118244
SFQTAQLSQHA,0.29463523840667855
SFQQAQLSQHA,0.0361284070018088
SFQRAQLSQYA,0.12957654064752067
SFQLAQLSQHA,0.29757758136473034
SFQRAQLRQHA,0.06778437410157191
SFQAAQLSQHA,0.32487771386267283
SFQHAQLSQHA,0.014523155981279205
SFQRAQLLQHA,0.9707659860102764
WFQRAQLSQHA,0.08738256925777231
SAQRAQLSQHA,0.6106150114164157
SFQRAQISQHA,0.16645579159286758
SFQRARLSQHA,0.15684134553246487
SFQRAQLCQHA,0.18943025516765108
SQQRAQLSQHA,0.03377624754948607
SFNRAQLSQHA,0.8810040972860506
SFQRAQQSQHA,0.0639681707955064
SFQRAQVSQHA,0.0010727999378080538
SFQCAQLSQHA,0.21227690942853422
SFGRAQLSQHA,0.04909419292249032
SWQRAQLSQHA,0.3796565186227373
SFQRAQLTQHA,0.05073041732414789
SFQRAQLSQHS,0.03568775550583379
SFQRIQLSQHA,0.10276647270193658
SFQRAQLSAHA,0.09186151585521742
SFQPAQLSQHA,0.03191146310084903
WAQRAQLSQHA,0.17030117998000435
WQQRAQLSQHA,0.06572281575164256
WWQRAQLSQHA,0.05561750303308048
WFNRAQLSQHA,0.013873644275831255
WFGRAQLSQHA,0.09864026698814651
WFQTAQLSQHA,0.6189470751173134
WFQQAQLSQHA,0.1390353802281316
WFQLAQLSQHA,0.0035302915292531167
WFQAAQLSQHA,0.06376919913411529
WFQHAQLSQHA,0.33935028238336395
WFQCAQLSQHA,0.023465242859283537
WFQPAQLSQHA,0.6266778308127957
WFQRMQLSQHA,0.09860705966216181
WFQRIQLSQHA,0.0025783493633758066
WFQRARLSQHA,0.16134910925091836
WFQRAQISQHA,0.16317266979954015
WFQRAQQSQHA,0.11613949562810952
WFQRAQVSQHA,0.038350319741428884
WFQRAQLKQHA,0.031009023058349853
WFQRAQLRQHA,0.2857844817443133
WFQRAQLLQHA,0.12286051297852413
WFQRAQLCQHA,0.21324396586914424
WFQRAQLTQHA,0.019163312151345258
WFQRAQLSKHA,0.05944680617021765
WFQRAQLSRHA,0.19635900506504678
WFQRAQLSAHA,0.05877815076144524
WFQRAQLSQFA,0.2253281511633557
WFQRAQLSQYA,0.44446229823195993
WFQRAQLSQHS,0.1308759281440367
SANRAQLSQHA,0.3273964372193809
SAGRAQLSQHA,0.3256813538293825
SQNRAQLSQHA,0.12734576256632468
SQGRAQLSQHA,0.16951796360425064
SWNRAQLSQHA,0.10353489659944422
SWGRAQLSQHA,0.634840075869662
SAQTAQLSQHA,0.020842691095594088
SAQQAQLSQHA,0.2542414548856678
SAQLAQLSQHA,0.16057867182377533
SAQAAQLSQHA,0.35234282424530533
SAQHAQLSQHA,0.1442092636183027
SAQCAQLSQHA,0.10985893953611892
SAQPAQLSQHA,0.1403759819267802
SQQTAQLSQHA,0.05654251399978726
SQQQAQLSQHA,0.2573367620809376
SQQLAQLSQHA,0.28694523649014875
SQQAAQLSQHA,0.0676540943821831
SQQHAQLSQHA,0.16105935527524962
SQQCAQLSQHA,0.19642979480445438
SQQPAQLSQHA,0.19105952508964189
SWQTAQLSQHA,0.07574137773165096
SWQQAQLSQHA,0.11699801388385513
SWQLAQLSQHA,0.18330032340875896
SWQAAQLSQHA,0.2950059432415615
SWQCAQLSQHA,0.049192766813575046
SWQPAQLSQHA,0.31909201071696397
SAQRMQLSQHA,0.41480790650315963
SAQRIQLSQHA,0.051867233023552596
SQQRMQLSQHA,0.18899296747796893
SQQRIQLSQHA,0.18841567322236286
SWQRMQLSQHA,0.04415033444488197
SWQRIQLSQHA,0.0963926903141186
SAQRARLSQHA,0.03840785591312127
SQQRARLSQHA,0.0317757254654943
SWQRARLSQHA,0.23604064527207055
SAQRAQISQHA,0.038332983145219095
SAQRAQQSQHA,0.050209597924540904
SAQRAQVSQHA,0.2282601192533186
SQQRAQISQHA,0.20680548581218167
SQQRAQQSQHA,0.09440074718028885
SQQRAQVSQHA,0.010046314813855739
SWQRAQISQHA,0.4772870796702527
SWQRAQQSQHA,0.1093028617272271
SWQRAQVSQHA,0.07448458841801511
SAQRAQLKQHA,0.02817516698557472
SAQRAQLRQHA,0.20949923750516836
SAQRAQLLQHA,0.18092823752255663
SAQRAQLCQHA,0.02793373293969736
SAQRAQLTQHA,0.0756002171170636
SQQRAQLKQHA,0.32189599543100955
SQQRAQLRQHA,0.03946431365880067
SQQRAQLLQHA,0.05825855111159061
SQQRAQLCQHA,0.005196095722999987
SQQRAQLTQHA,0.35671444984181117
SWQRAQLKQHA,0.023042197096541733
SWQRAQLRQHA,0.3545183537143071
SWQRAQLLQHA,0.2159143547714532
SWQRAQLCQHA,0.3123306686684358
SWQRAQLTQHA,0.07118193520258209
SAQRAQLSKHA,0.44864690182422157
SAQRAQLSRHA,0.23731186728947776
SAQRAQLSAHA,0.020698662854698124
SQQRAQLSRHA,0.029540870849613276
SWQRAQLSKHA,0.003742958520473883
SWQRAQLSRHA,0.018647589838029555
SWQRAQLSAHA,0.27056628242112407
SAQRAQLSQFA,0.03601018985358197
SAQRAQLSQYA,0.05734249799427923
SQQRAQLSQFA,0.13281455482250082
SQQRAQLSQYA,0.07814509868569412
SWQRAQLSQFA,0.08481240092672022
SWQRAQLSQYA,0.003197649231376457
SAQRAQLSQHS,0.010374909587577207
SQQRAQLSQHS,0.010486000372730854
SWQRAQLSQHS,0.044744541739961015
SFNTAQLSQHA,0.19385947779168447
SFNQAQLSQHA,0.6227218794924048
SFNLAQLSQHA,0.09298326588212127
SFNAAQLSQHA,0.3772900635182233
SFNHAQLSQHA,0.11983364905710983
SFNCAQLSQHA,0.21308979791606372
SFNPAQLSQHA,0.08549180760498534
SFGTAQLSQHA,0.05031672710015954
SFGQAQLSQHA,0.17130347420792233
SFGLAQLSQHA,0.2058393495014719
SFGAAQLSQHA,0.5133200453726634
SFGHAQLSQHA,0.18431121061168793
SFGCAQLSQHA,0.20365591539133882
SFGPAQLSQHA,0.3102816769036549
SFNRMQLSQHA,0.09119782066997745
SFNRIQLSQHA,0.4628990002927202
SFGRMQLSQHA,0.035527611609840574
SFGRIQLSQHA,0.10110957771933367
SFNRARLSQHA,0.0745191462539392
SFGRARLSQHA,0.44844887447062115
SFNRAQISQHA,0.2247708560294078
SFNRAQQSQHA,0.20191392806100328
SFNRAQVSQHA,0.1148284922062881
SFGRAQISQHA,0.1622919103846992
SFGRAQQSQHA,0.1132452112698671
SFGRAQVSQHA,0.0771026803949121
SFNRAQLKQHA,0.1504519765864498
SFNRAQLRQHA,0.523554724784466
SFNRAQLLQHA,0.21861895743176749
SFNRAQLCQHA,0.003752362898699271
SFNRAQLTQHA,0.09586254418528212
SFGRAQLKQHA,0.015943143930620428
SFGRAQLRQHA,0.09465556777470494
SFGRAQLLQHA,0.09979392788968922
SFGRAQLCQHA,0.10345843559269301
SFGRAQLTQHA,0.2183880107417278
SFNRAQLSKHA,0.021144758044789328
SFNRAQLSRHA,0.04402382263133489
SFNRAQLSAHA,0.031235666454795457
SFGRAQLSKHA,0.05048686989351669
SFGRAQLSRHA,0.2540594755149573
SFGRAQLSAHA,0.006330245965121838
SFNRAQLSQFA,0.008211625827533058
SFNRAQLSQYA,0.4105456325258094
SFGRAQLSQFA,0.27999328868844575
SFGRAQLSQYA,0.03322158301450353
SFNRAQLSQHS,0.400946463414286
SFGRAQLSQHS,0.13877165508390402
SFQTMQLSQHA,0.7830990465456732
SFQTIQLSQHA,0.16166880606353584
SFQQMQLSQHA,0.3361936180399606
SFQQIQLSQHA,0.2324812843486194
SFQLMQLSQHA,0.32217804273427064
SFQLIQLSQHA,0.05713703896517225
SFQAMQLSQHA,0.25706622212114744
SFQAIQLSQHA,0.2937815855805389
SFQHMQLSQHA,0.11869126886026175
SFQHIQLSQHA,0.04170952447737776
SFQCMQLSQHA,0.09831954494451801
SFQCIQLSQHA,0.07587281376870814
SFQPMQLSQHA,0.13650548104236376
SFQPIQLSQHA,0.44899713587747553
SFQTARLSQHA,0.06721481342015058
SFQQARLSQHA,0.2891998145332858
SFQLARLSQHA,0.3186967197026758
SFQAARLSQHA,0.011475238140539308
SFQHARLSQHA,0.3535123840237029
SFQCARLSQHA,0.13850993200534395
SFQPARLSQHA,0.22268410028627683
SFQTAQISQHA,0.0456515880271164
SFQTAQQSQHA,0.009063757076866063
SFQTAQVSQHA,0.3527230414203912
SFQQAQISQHA,0.08920731100680773
SFQQAQQSQHA,0.06381926756603008
SFQQAQVSQHA,0.033926615527336286
SFQLAQISQHA,0.37404068517658917
SFQLAQQSQHA,0.02809372046967965
SFQLAQVSQHA,0.27205029693902383
SFQAAQQSQHA,0.17954825873211439
SFQAAQVSQHA,0.18608811354985857
SFQHAQISQHA,0.5413201824390067
SFQHAQQSQHA,0.10660539229562865
SFQHAQVSQHA,0.10215125391195268
SFQCAQISQHA,0.10888824958499407
SFQCAQQSQHA,0.28475858410371035
SFQCAQVSQHA,0.05619263364636953
SFQPAQISQHA,0.4440259651899281
SFQPAQQSQHA,0.13489977713999676
SFQPAQVSQHA,0.6628217544115007
SFQTAQLKQHA,0.21895083214096614
SFQTAQLRQHA,0.12896318347896638
SFQTAQLLQHA,0.018113794208793787
SFQTAQLCQHA,0.23322071095503485
SFQTAQLTQHA,0.027295519795823366
SFQQAQLKQHA,0.04828373582658682
SFQQAQLRQHA,0.3684175283362384
SFQQAQLLQHA,0.17060449072582132
SFQQAQLCQHA,0.0915947834321531
SFQQAQLTQHA,0.18473029773104596
SFQLAQLKQHA,0.08167924409198617
SFQLAQLRQHA,0.019433999168342795
SFQLAQLLQHA,0.14780344482337088
SFQLAQLCQHA,0.08180451168873962
SFQLAQLTQHA,0.09714432122286078
SFQAAQLKQHA,0.228472051477713
SFQAAQLRQHA,0.2766655981881143
SFQAAQLLQHA,0.3609974452928789
SFQAAQLCQHA,0.26508217744377427
SFQAAQLTQHA,0.39829873510260533
SFQHAQLKQHA,0.35262333520451655
SFQHAQLRQHA,0.16337782407025508
SFQHAQLLQHA,0.09079991129860693
SFQHAQLCQHA,0.3946504338760893
SFQHAQLTQHA,0.03206617875294324
SFQCAQLKQHA,0.08064713821364035
SFQCAQLRQHA,0.44045442464728496
SFQCAQLLQHA,0.0490497969011844
SFQCAQLCQHA,0.028444483247252045
SFQCAQLTQHA,0.2394329294941094
SFQPAQLKQHA,0.007433144386713837
SFQPAQLRQHA,0.07489777883297401
SFQPAQLLQHA,0.16573004234047156
SFQPAQLCQHA,0.11529783705268379
SFQPAQLTQHA,0.2710584659300393
SFQTAQLSKHA,0.155594754816422
SFQTAQLSAHA,0.036984906120803726
SFQQAQLSKHA,0.37270086925753776
SFQLAQLSKHA,0.08414388206349124
SFQLAQLSRHA,0.055539918804293105
SFQLAQLSAHA,0.1805323181404732
SFQAAQLSKHA,0.02618238997533172
SFQAAQLSAHA,0.19160474710402775
SFQCAQLSKHA,0.28575877126357097
SFQCAQLSAHA,0.038707123987982525
SFQPAQLSKHA,0.05914967913759515
SFQQAQLSQYA,0.1790357040344333
SFQAAQLSQFA,0.26429040882392807
SFQAAQLSQYA,0.3440233496602962
SFQCAQLSQYA,0.24222036155943724
SFQPAQLSQFA,0.12931147191438347
SFQPAQLSQYA,0.2854281552111247
SFQTAQLSQHS,0.04835292848792943
SFQQAQLSQHS,0.00968625989955322
SFQLAQLSQHS,0.020967045265948846
SFQAAQLSQHS,0.07340697149502069
SFQHAQLSQHS,0.03763076528093992
SFQCAQLSQHS,0.004870327270827317
SFQPAQLSQHS,0.07076094956623039
SFQRMRLSQHA,0.6663909248576424
SFQRIRLSQHA,0.09265473476499829
SFQRMQISQHA,0.09894053080824806
SFQRMQQSQHA,0.1304300030472428
SFQRMQVSQHA,0.12047113243223712
SFQRIQISQHA,0.3338809683482622
SFQRIQQSQHA,0.0063778883338693965
SFQRIQVSQHA,0.09181046511097547
SFQRMQLKQHA,0.11216046243088426
SFQRMQLRQHA,0.43978219882294495
SFQRMQLLQHA,0.03288362087812696
SFQRMQLCQHA,0.24417510037669335
SFQRMQLTQHA,0.07018656070089713
SFQRIQLKQHA,0.19255494035117965
SFQRIQLRQHA,0.1109669133386203
SFQRIQLLQHA,0.0023316254023247923
SFQRIQLCQHA,0.09666290565395225
SFQRIQLTQHA,0.1387922450202232
SFQRMQLSRHA,0.37835761135242124
SFQRMQLSAHA,0.03630314163443692
SFQRIQLSKHA,0.46823868293102017
SFQRMQLSQFA,0.16555336714733704
SFQRMQLSQYA,0.12045855022446837
SFQRIQLSQFA,0.1486091571009412
SFQRIQLSQYA,0.08502772224244877
SFQRMQLSQHS,0.23719839389242672
SFQRIQLSQHS,0.08983864279740658
SFQRARISQHA,0.2370250136664926
SFQRARQSQHA,0.27650859182639104
SFQRARVSQHA,0.0535212655983472
SFQRARLKQHA,0.05055568315709228
SFQRARLRQHA,0.11779761462398856
SFQRARLLQHA,0.09784611907816962
SFQRARLCQHA,0.10120748283134956
SFQRARLTQHA,0.43315675426824357
SFQRARLSKHA,0.025780171983398478
SFQRARLSRHA,0.17296032227013075
SFQRARLSAHA,0.2840161312517078
SFQRARLSQFA,0.02161050569319938
SFQRARLSQYA,0.08171852722041138
SFQRARLSQHS,0.005678103430184872
SFQRAQIKQHA,0.22139873538906446
SFQRAQIRQHA,0.313094233469739
SFQRAQILQHA,0.04979887576057123
SFQRAQICQHA,0.21676311727016986
SFQRAQITQHA,0.04176454829025586
SFQRAQQKQHA,0.06705545971876097
SFQRAQQRQHA,0.12303430586724863
SFQRAQQLQHA,0.02972540543600327
SFQRAQQCQHA,0.03959016460052918
SFQRAQQTQHA,0.056805700578432504
SFQRAQVKQHA,0.11737986807209691
SFQRAQVRQHA,0.0860337939127083
SFQRAQVLQHA,0.033371718215473335
SFQRAQVCQHA,0.08463235389640639
SFQRAQVTQHA,0.013438202600343363
SFQRAQISKHA,0.07689665593229368
SFQRAQISAHA,0.02498995436884545
SFQRAQQSKHA,0.05147820103399972
SFQRAQQSRHA,0.2247788225747952
SFQRAQVSKHA,0.049107613647545637
SFQRAQVSAHA,0.1515275910346791
SFQRAQISQFA,0.020983733316862884
SFQRAQISQYA,0.07384382107851517
SFQRAQQSQFA,0.0017044061601450228
SFQRAQQSQYA,0.21971127723617062
SFQRAQVSQFA,0.050258802748994975
SFQRAQVSQYA,0.09656674201276151
SFQRAQISQHS,0.6289758024815504
SFQRAQQSQHS,0.0844025373937235
SFQRAQVSQHS,0.17806436664603081
SFQRAQLKKHA,0.015621222969097627
SFQRAQLKRHA,0.047586374821266535
SFQRAQLRKHA,0.24739488302737994
SFQRAQLRAHA,0.26899385996017156
SFQRAQLLKHA,0.40314915452930333
SFQRAQLLRHA,0.14556751943123225
SFQRAQLCKHA,0.07435712122829322
SFQRAQLCAHA,0.0044383711761286715
SFQRAQLTKHA,0.015602465752969478
SFQRAQLKQFA,0.13362583978016218
SFQRAQLKQYA,0.2377289226472982
SFQRAQLRQFA,0.2232904165002513
SFQRAQLRQYA,0.0061636510339595045
SFQRAQLLQFA,0.16906559397749535
SFQRAQLLQYA,0.11060369501994881
SFQRAQLCQFA,0.03460026154772971
SFQRAQLCQYA,0.21581155680198144
SFQRAQLTQFA,0.05857457918728039
SFQRAQLTQYA,0.13586312704590447
SFQRAQLKQHS,0.14861772096447878
SFQRAQLRQHS,0.0713866107874004
SFQRAQLLQHS,0.09160489441539524
SFQRAQLCQHS,0.07629965938465003
SFQRAQLTQHS,0.010855304840973528
SFQRAQLSKFA,0.036320489445344016
SFQRAQLSKYA,0.012915458650337918
SFQRAQLSAFA,0.018169103257192027
SFQRAQLSAYA,0.07382008453324007
SFQRAQLSKHS,0.08205134666078082
SFQRAQLSRHS,0.12040474454736293
SFQRAQLSAHS,0.06283404915294843
SFQRAQLSQFS,0.11789776184049523
SFQRAQLSQYS,0.21732993491126165
WANRAQLSQHA,0.06784047812590364
WAGRAQLSQHA,0.349072996648079
WQNRAQLSQHA,0.019354667632123148
WQGRAQLSQHA,0.09525462224046481
WWNRAQLSQHA,0.08505662994870816
WWGRAQLSQHA,0.19192558814788654
WAQTAQLSQHA,0.035458333887182995
WAQLAQLSQHA,0.3218573093638892
WAQAAQLSQHA,0.1437781883211231
WAQHAQLSQHA,0.11883393703421069
WAQCAQLSQHA,0.12987987754205035
WAQPAQLSQHA,0.01239734792220502
WQQTAQLSQHA,0.36138692591900967
WQQQAQLSQHA,0.051270539642542905
WQQAAQLSQHA,0.17372036020464166
WQQHAQLSQHA,0.07347190432640927
WQQCAQLSQHA,0.06516352675288589
WWQTAQLSQHA,0.25700521962701556
WWQQAQLSQHA,0.31477772365574297
WWQLAQLSQHA,0.021110951193507334
WWQAAQLSQHA,0.26142190793832376
WWQHAQLSQHA,0.01577403219596947
WWQCAQLSQHA,0.010292454868484837
WAQRMQLSQHA,0.06828207026576981
WAQRIQLSQHA,0.09180143823939502
WQQRMQLSQHA,0.14062959336818578
WWQRMQLSQHA,0.10193215600484176
WWQRIQLSQHA,0.24630245898000805
WAQRARLSQHA,0.24493089154005268
WQQRARLSQHA,0.002978160751760038
WWQRARLSQHA,0.18274224378443096
WAQRAQISQHA,0.07068526517802512
WAQRAQQSQHA,0.0020001886377658457
WAQRAQVSQHA,0.029936894311128292
WQQRAQISQHA,0.17561188203690267
WQQRAQQSQHA,0.024153161857623718
WQQRAQVSQHA,0.12875610869853593
WWQRAQISQHA,0.16510732787438753
WWQRAQQSQHA,0.011566917560976477
WWQRAQVSQHA,0.1505633766179855
WAQRAQLKQHA,0.05771715815977449
WAQRAQLRQHA,0.36550280908249244
WAQRAQLLQHA,0.02114258998264718
WAQRAQLCQHA,0.026619710534451797
WAQRAQLTQHA,0.2189625159026467
WQQRAQLKQHA,0.08882814562767061
WQQRAQLRQHA,0.060902967388053314
WQQRAQLLQHA,0.17338825132147126
WQQRAQLCQHA,0.046581899546835094
WQQRAQLTQHA,0.3346929918092648
WWQRAQLKQHA,0.3211776623372451
WWQRAQLLQHA,0.14883277106093526
WWQRAQLCQHA,0.09938531205703709
WAQRAQLSKHA,0.14051055776743512
WAQRAQLSAHA,0.023837698177583765
WQQRAQLSKHA,0.006544743210186048
WWQRAQLSKHA,0.7162392401255716
WAQRAQLSQYA,0.255234579584302
WQQRAQLSQYA,0.021773075716458635
WWQRAQLSQFA,0.41278929059152963
WWQRAQLSQYA,0.027228341021830138
WAQRAQLSQHS,0.3913800690492433
WQQRAQLSQHS,0.29574271957344916
WWQRAQLSQHS,0.0952666951485649
WFNQAQLSQHA,0.14387604800313494
WFNLAQLSQHA,0.09560846006845455
WFNAAQLSQHA,0.023811360304883268
WFNHAQLSQHA,0.20893738316167604
WFNCAQLSQHA,0.03211527824652863
WFNPAQLSQHA,0.03514843672364832
WFGTAQLSQHA,0.35989503621110214
WFGQAQLSQHA,0.09935642945152787
WFGLAQLSQHA,0.18537584888821051
WFGAAQLSQHA,0.23025971879101118
WFGHAQLSQHA,0.11873527627555769
WFGCAQLSQHA,0.02925897345413788
WFGPAQLSQHA,0.016902025719966327
WFNRMQLSQHA,0.010079142017954118
WFNRIQLSQHA,0.03039609840853292
WFGRMQLSQHA,0.013337194410738993
WFGRIQLSQHA,0.034658791394053784
WFNRARLSQHA,0.6212791638072339
WFGRARLSQHA,0.07761733541958624
WFNRAQISQHA,0.156985088452713
WFNRAQQSQHA,0.4977429941295506
WFNRAQVSQHA,0.18863069025200593
WFGRAQISQHA,0.04994295121077692
WFGRAQQSQHA,0.08789285949419258
WFGRAQVSQHA,0.3987803373406937
WFNRAQLKQHA,0.03144179142942489
WFNRAQLRQHA,0.9346931308032576
WFNRAQLLQHA,0.09003368397803078
WFNRAQLCQHA,0.06716251028145138
WFNRAQLTQHA,0.20108493066590663
WFGRAQLKQHA,0.14698028109561861
WFGRAQLRQHA,0.43068680648890584
WFGRAQLLQHA,0.13333363457438765
WFGRAQLCQHA,0.14222753947594344
WFGRAQLTQHA,0.040978265116767436
WFNRAQLSKHA,0.06538256003758902
WFNRAQLSRHA,0.10162325328119215
WFNRAQLSAHA,0.6383945321142412
WFGRAQLSKHA,0.13874538507573209
WFGRAQLSRHA,0.05598436173139201
WFNRAQLSQFA,0.13462017830988865
WFNRAQLSQYA,0.2593130315823334
WFGRAQLSQFA,0.15787657813102754
WFGRAQLSQYA,0.16831390952921851
WFNRAQLSQHS,0.38639064187078265
WFGRAQLSQHS,0.05881226587461905
WFQTMQLSQHA,0.041812274115102716
WFQTIQLSQHA,0.07907583243353876
WFQQMQLSQHA,0.02518119188545485
WFQQIQLSQHA,0.005561583583484685
WFQLMQLSQHA,0.09372528555318023
WFQLIQLSQHA,0.040241149717729185
WFQAMQLSQHA,0.16120507688628793
WFQAIQLSQHA,0.11267099915327905
WFQHMQLSQHA,0.07529708715785474
WFQCMQLSQHA,0.07769530377754773
WFQCIQLSQHA,0.023719913987823527
WFQPMQLSQHA,0.21145678608783786
WFQPIQLSQHA,0.1429775802008062
WFQTARLSQHA,0.16470017368907772
WFQQARLSQHA,0.036985918213878775
WFQLARLSQHA,0.0004239004958424395
WFQAARLSQHA,0.07465150124191602
WFQHARLSQHA,0.007280065492947372
WFQCARLSQHA,0.09719599427793017
WFQPARLSQHA,0.06859357712435898
WFQTAQISQHA,0.208454677841835
WFQTAQQSQHA,0.07550761200090615
WFQTAQVSQHA,0.04191435090260676
WFQQAQISQHA,0.16196470155948828
WFQQAQQSQHA,0.004282926967163029
WFQQAQVSQHA,0.10274223884603162
WFQLAQISQHA,0.1436908924981339
WFQLAQQSQHA,0.08560859519049849
WFQLAQVSQHA,0.0381458026875863
WFQAAQISQHA,0.0022119372185336497
WFQAAQQSQHA,0.1172834116439692
WFQAAQVSQHA,0.20978370328740353
WFQHAQISQHA,0.0710934201682636
WFQHAQQSQHA,0.1151565664588941
WFQHAQVSQHA,0.06368615150044128
WFQCAQISQHA,0.09329617631697693
WFQCAQQSQHA,0.005574714872360367
WFQCAQVSQHA,0.004901753409820974
WFQPAQISQHA,0.29612880453912116
WFQPAQQSQHA,0.11907739204080933
WFQPAQVSQHA,0.1551163494486886
WFQTAQLKQHA,0.5128835407969676
WFQTAQLLQHA,0.032391207052809574
WFQTAQLCQHA,0.43155202680212507
WFQTAQLTQHA,0.1115282437310564
WFQQAQLKQHA,0.278549110685926
WFQQAQLRQHA,0.002170951663108817
WFQQAQLLQHA,0.13316422305458994
WFQQAQLCQHA,0.2860345343417844
WFQQAQLTQHA,0.0012097846794058625
WFQLAQLKQHA,0.40483424505279314
WFQLAQLRQHA,0.21991294124587224
WFQLAQLLQHA,0.026313434019664062
WFQLAQLCQHA,0.14182362026021714
WFQLAQLTQHA,0.21249694883304845
WFQAAQLKQHA,0.02993012593560226
WFQAAQLRQHA,0.027022041768768948
WFQAAQLLQHA,0.26304984394114245
WFQAAQLCQHA,0.04827312259130681
WFQAAQLTQHA,0.5094647699455382
WFQHAQLKQHA,0.3789502803360048
WFQHAQLRQHA,0.38759562390990315
WFQHAQLLQHA,0.24595912658487484
WFQHAQLCQHA,0.13774093622805092
WFQHAQLTQHA,0.020101407458882895
WFQCAQLKQHA,0.01861592824015058
WFQCAQLRQHA,0.018281273161511062
WFQCAQLLQHA,0.05772821123018693
WFQCAQLCQHA,0.1989602240265415
WFQCAQLTQHA,0.10805389051978481
WFQPAQLKQHA,0.20279799474373733
WFQPAQLRQHA,0.0019685555949886173
WFQPAQLLQHA,0.0010175988664897484
WFQPAQLCQHA,0.31751990432907784
WFQPAQLTQHA,0.06984505330219286
WFQTAQLSKHA,0.21176875376623852
WFQTAQLSRHA,0.07259887275039087
WFQTAQLSAHA,0.057222550832395795
WFQQAQLSKHA,0.1507508021954596
WFQQAQLSRHA,0.13188150291232595
WFQQAQLSAHA,0.16708956061020602
WFQLAQLSKHA,0.22011291171877198
WFQLAQLSRHA,0.07527777504493884
WFQAAQLSKHA,0.048950546362218836
WFQHAQLSKHA,0.020387754739934857
WFQHAQLSRHA,0.22586276429251667
WFQHAQLSAHA,0.19873589276206932
WFQCAQLSKHA,0.14157432713834806
WFQCAQLSRHA,0.15535029716100454
WFQCAQLSAHA,0.009570711913512841
WFQPAQLSKHA,0.02798204999527716
WFQPAQLSRHA,0.946684372936778
WFQTAQLSQFA,0.028895226738598352
WFQTAQLSQYA,0.014301262403484215
WFQQAQLSQFA,0.11666084325925868
WFQQAQLSQYA,0.1274392167049127
WFQLAQLSQFA,0.43952919927395373
WFQLAQLSQYA,0.21960917396295646
WFQAAQLSQFA,0.09042946798603264
WFQAAQLSQYA,0.05563305765797954
WFQHAQLSQFA,0.01027056916543543
WFQHAQLSQYA,0.06612903786176226
WFQCAQLSQFA,0.02439911567617555
WFQCAQLSQYA,0.1245228875283764
WFQPAQLSQFA,0.07643493018886093
WFQPAQLSQYA,0.019391469083436304
WFQTAQLSQHS,0.1936549548266362
WFQQAQLSQHS,0.0812237850001444
WFQLAQLSQHS,0.1076815811751526
WFQAAQLSQHS,0.13097392135867417
WFQHAQLSQHS,0.021994084142003816
WFQCAQLSQHS,0.015062859106147563
WFQPAQLSQHS,0.1805300368295939
WFQRMRLSQHA,0.1195821869550646
WFQRIRLSQHA,0.1573237064803045
WFQRMQISQHA,0.08906624062224307
WFQRMQQSQHA,0.07348889800873637
WFQRMQVSQHA,0.5056980012678823
WFQRIQISQHA,0.17544132768045234
WFQRIQQSQHA,0.09923260600019684
WFQRIQVSQHA,0.28680872467189017
WFQRMQLKQHA,0.3248594188587657
WFQRMQLRQHA,0.0014269719180660515
WFQRMQLLQHA,0.2068855450506635
WFQRMQLCQHA,0.05420399753657701
WFQRMQLTQHA,0.3071923658059074
WFQRIQLKQHA,0.07363792703450035
WFQRIQLRQHA,0.02183129644878054
WFQRIQLLQHA,0.3839347300114378
WFQRIQLCQHA,0.3116719047424076
WFQRIQLTQHA,0.05871754630111171
WFQRMQLSKHA,0.09254356864601732
WFQRMQLSRHA,0.0863208939602557
WFQRMQLSAHA,0.007937153937338704
WFQRIQLSKHA,0.05995473376063605
WFQRMQLSQFA,0.1691695222439868
WFQRMQLSQYA,0.11788589343402608
WFQRIQLSQFA,0.384581445037465
WFQRIQLSQYA,0.16919363202064006
WFQRMQLSQHS,0.04409287081041357
WFQRIQLSQHS,0.0466493488692348
WFQRARISQHA,2.2724683394313285e-06
WFQRARQSQHA,0.19879420162149514
WFQRARVSQHA,0.050101258208028084
WFQRARLKQHA,0.11912217129309646
WFQRARLRQHA,0.3789118192586955
WFQRARLLQHA,0.08003559588258179
WFQRARLCQHA,0.2667563816865176
WFQRARLTQHA,0.09128192697183515
WFQRARLSKHA,0.01137221522457385
WFQRARLSRHA,0.14349394762409287
WFQRARLSAHA,0.022551878828216916
WFQRARLSQFA,0.017424027539188248
WFQRARLSQYA,0.05452031941921238
WFQRARLSQHS,0.04305817885941659
WFQRAQIKQHA,0.0018740308931543125
WFQRAQIRQHA,0.004989194340708978
WFQRAQILQHA,0.32505267628794543
WFQRAQITQHA,0.00010904798491709665
WFQRAQQKQHA,0.16027852420772637
WFQRAQQRQHA,0.03442038278534955
WFQRAQQLQHA,0.21595036228860162
WFQRAQQCQHA,0.08276590293572007
WFQRAQQTQHA,0.023196802802936237
WFQRAQVKQHA,0.145745088999823
WFQRAQVRQHA,0.00012070736781359972
WFQRAQVLQHA,0.13925150157049304
WFQRAQVCQHA,0.05329835851593576
WFQRAQVTQHA,0.37832295939536
WFQRAQISKHA,0.024430410359141633
WFQRAQISRHA,0.07480574637237834
WFQRAQQSKHA,0.001550770471540218
WFQRAQQSRHA,0.05343254537613309
WFQRAQQSAHA,0.038255632336809245
WFQRAQVSKHA,0.06208149522696106
WFQRAQVSRHA,0.0
WFQRAQVSAHA,0.06468400020457406
WFQRAQISQFA,0.29306164204336
WFQRAQISQYA,0.07808464670117916
WFQRAQQSQFA,0.24115923016528173
WFQRAQQSQYA,0.11643872848087988
WFQRAQVSQFA,0.14570783236583226
WFQRAQVSQYA,0.06641605859042149
WFQRAQISQHS,0.014150260375555083
WFQRAQQSQHS,0.08521723386560218
WFQRAQVSQHS,0.3116649741262015
WFQRAQLKKHA,0.04677298787877162
WFQRAQLRKHA,0.003638943963623814
WFQRAQLRAHA,0.8451235503075715
WFQRAQLLKHA,0.1743945588641879
WFQRAQLLAHA,0.07355096490460256
WFQRAQLCKHA,0.027570651698289324
WFQRAQLCRHA,0.025693191065959915
WFQRAQLCAHA,0.0020342739353311568
WFQRAQLTKHA,0.10481745208094737
WFQRAQLTRHA,0.10417475839433783
WFQRAQLTAHA,0.3758468699585315
WFQRAQLKQFA,0.6702846773341545
WFQRAQLKQYA,0.15549206676401695
WFQRAQLRQFA,0.07168885935056551
WFQRAQLRQYA,0.07646246466592566
WFQRAQLLQFA,0.09838657301322061
WFQRAQLLQYA,0.10451204322524263
WFQRAQLCQFA,0.1961460439304626
WFQRAQLCQYA,0.15286206425263565
WFQRAQLTQFA,0.1904953884930662
WFQRAQLTQYA,0.038426156660765556
WFQRAQLKQHS,0.6040869354197471
WFQRAQLRQHS,0.11560335056995062
WFQRAQLLQHS,0.0005181210530025331
WFQRAQLCQHS,0.21367041460623012
WFQRAQLTQHS,0.03400522229380312
WFQRAQLSKFA,0.20889480649722833
WFQRAQLSKYA,0.030630878326699647
WFQRAQLSRFA,0.10241064129714611
WFQRAQLSRYA,0.20192284512844444
WFQRAQLSAFA,0.4270138282092278
WFQRAQLSAYA,0.17389114482031548
WFQRAQLSKHS,0.09104533113969483
WFQRAQLSRHS,0.04372988366304271
WFQRAQLSAHS,0.10408853401506808
WFQRAQLSQFS,0.07877115212737587
WFQRAQLSQYS,0.39755810557993687
SANTAQLSQHA,0.030867820582706495
SANLAQLSQHA,0.284757072410862
SANAAQLSQHA,0.010381853205040878
SANHAQLSQHA,0.059949295330905907
SANCAQLSQHA,0.17249551100770297
SANPAQLSQHA,0.005781578061726906
SAGTAQLSQHA,0.2254496918827284
SAGQAQLSQHA,0.3198171624520093
SAGLAQLSQHA,0.29059542509882813
SAGAAQLSQHA,0.35412364051430806
SAGHAQLSQHA,0.13936394311265146
SAGCAQLSQHA,0.21002608762905683
SAGPAQLSQHA,0.08949025363722381
SQNTAQLSQHA,0.22692312899612163
SQNQAQLSQHA,0.2569419609312528
SQNLAQLSQHA,0.09689996836411045
SQNAAQLSQHA,0.03998910563135902
SQNCAQLSQHA,0.10312194234167095
SQNPAQLSQHA,0.06867133371237455
SQGTAQLSQHA,0.01126558899540929
SQGQAQLSQHA,0.5364911881813591
SQGLAQLSQHA,0.008785381268964476
SQGAAQLSQHA,0.10782321340049522
SQGHAQLSQHA,0.20580428092959405
SQGCAQLSQHA,0.10636195300315678
SQGPAQLSQHA,0.09219328883913978
SWNTAQLSQHA,0.038180998826566226
SWNQAQLSQHA,0.08059533245873167
SWNLAQLSQHA,0.03830669514695029
SWNAAQLSQHA,0.2960453988581015
SWNHAQLSQHA,0.0006701580609220102
SWNCAQLSQHA,0.040264311731582195
SWNPAQLSQHA,0.16021236811439432
SWGTAQLSQHA,0.3587509899317717
SWGQAQLSQHA,0.5000190377943237
SWGAAQLSQHA,0.18240044639589362
SWGHAQLSQHA,0.03339676515282401
SWGCAQLSQHA,0.030150348706019747
SWGPAQLSQHA,0.1892588497159242
SANRMQLSQHA,0.18804248245607955
SANRIQLSQHA,0.06249191233919175
SAGRMQLSQHA,0.128227056709866
SAGRIQLSQHA,0.2841811394933707
SQNRMQLSQHA,0.21540869849035205
SQNRIQLSQHA,0.0005380506458446977
SQGRMQLSQHA,0.28822252176585916
SQGRIQLSQHA,0.10880863988506632
SWNRMQLSQHA,0.11838148980504898
SWNRIQLSQHA,0.2275852389053585
SWGRMQLSQHA,0.07431702339062343
SWGRIQLSQHA,0.03620846495614359
SANRARLSQHA,0.1009200684984774
SAGRARLSQHA,0.005853559183946724
SQNRARLSQHA,0.1613899053441092
SQGRARLSQHA,0.03639651490149345
SANRAQISQHA,0.16907172377854
SANRAQQSQHA,0.27566182454396304
SAGRAQISQHA,0.0870744695932658
SAGRAQQSQHA,0.06402064138589314
SAGRAQVSQHA,0.13375753851240435
SQNRAQISQHA,0.20113642641932244
SQNRAQQSQHA,0.21971184340991462
SQNRAQVSQHA,0.2723144291702438
SQGRAQISQHA,0.03701919497257324
SQGRAQQSQHA,0.22809148490941233
SQGRAQVSQHA,0.11119213524885498
SWNRAQISQHA,0.03793732936530844
SWNRAQQSQHA,0.08066377060384115
SWNRAQVSQHA,0.03454316817663658
SWGRAQISQHA,0.05312233607918596
SWGRAQQSQHA,0.18322390234574992
SWGRAQVSQHA,0.1867175139845051
SANRAQLKQHA,0.15979950430029374
SANRAQLRQHA,0.026322372181031572
SANRAQLLQHA,0.07238058510099997
SANRAQLCQHA,0.02592346181328216
SANRAQLTQHA,0.033549515643948265
SAGRAQLKQHA,0.3255991297761438
SAGRAQLRQHA,0.2233789597702442
SAGRAQLLQHA,0.12397498587068248
SAGRAQLCQHA,0.005637633021276478
SAGRAQLTQHA,0.06563420917490527
SQNRAQLKQHA,0.19542603712469533
SQNRAQLRQHA,0.14205540940959996
SQNRAQLLQHA,0.12309063188804435
SQNRAQLCQHA,0.044321190056540075
SQNRAQLTQHA,0.11077799568116074
SQGRAQLKQHA,0.040971886823101995
SQGRAQLRQHA,0.06977260501771879
SQGRAQLLQHA,0.3639448653194728
SQGRAQLCQHA,0.07334402498700436
SQGRAQLTQHA,0.07092536306724191
SWNRAQLKQHA,0.32398748930358356
SWNRAQLCQHA,0.06961782317625236
SWNRAQLTQHA,0.249433468847221
SWGRAQLRQHA,0.1934079604547782
SWGRAQLCQHA,0.038446451735036594
SWGRAQLTQHA,0.23379724240137204
SANRAQLSRHA,0.11618622977432799
SANRAQLSAHA,0.0058497701618944065
SAGRAQLSRHA,0.1273253854802751
SQNRAQLSKHA,0.2011678729984207
SQNRAQLSRHA,0.04120497454588428
SQNRAQLSAHA,0.052272425046680025
SQGRAQLSKHA,0.12982461444516016
SWNRAQLSKHA,0.1008834810666607
SWNRAQLSAHA,0.11878200934546394
SWGRAQLSKHA,0.23676588428777415
SWGRAQLSAHA,0.263517523997278
SANRAQLSQFA,0.030252734035192234
SANRAQLSQYA,0.0528543985663569
SAGRAQLSQFA,0.1862451417456631
SAGRAQLSQYA,0.23471087494502035
SQNRAQLSQFA,0.13349472618138367
SQNRAQLSQYA,0.0015115295350840664
SQGRAQLSQFA,0.02342770892580061
SQGRAQLSQYA,0.07286789803641588
SWNRAQLSQYA,0.013689278283817611
SWGRAQLSQFA,0.18066122582720456
SANRAQLSQHS,0.013625955287198704
SAGRAQLSQHS,0.00879080179836755
SQNRAQLSQHS,0.09547110382103548
SQGRAQLSQHS,0.01796277816105271
SAQTMQLSQHA,0.1768283152679961
SAQTIQLSQHA,0.1638869773266238
SAQQMQLSQHA,0.30268439376990175
SAQLMQLSQHA,0.26229102630853746
SAQLIQLSQHA,0.02132380627923371
SAQHIQLSQHA,0.12274994026376078
SAQCMQLSQHA,0.09459356627785698
SAQPMQLSQHA,0.21555661232204706
SAQPIQLSQHA,0.10161575562788835
SQQTMQLSQHA,0.1165319130852084
SQQTIQLSQHA,0.22909337515450798
SQQQMQLSQHA,0.021243682377805103
SQQQIQLSQHA,0.3032717825672939
SQQLIQLSQHA,0.07104518032970715
SQQAMQLSQHA,0.040902267632674454
SQQAIQLSQHA,0.016706889263760117
SQQHMQLSQHA,0.41949837903083914
SQQHIQLSQHA,0.13454657570400386
SQQCMQLSQHA,0.33795064339734876
SQQCIQLSQHA,0.05396834091919417
SQQPMQLSQHA,0.1420460704062018
SQQPIQLSQHA,0.06886520382240406
SWQTMQLSQHA,0.17390438412940312
SWQTIQLSQHA,0.12994459769884073
SWQQMQLSQHA,0.005716867667677833
SWQQIQLSQHA,0.040852584515233874
SWQLMQLSQHA,0.10029575048575706
SWQLIQLSQHA,0.17831787380096742
SWQAMQLSQHA,0.1122757792836455
SWQAIQLSQHA,0.1058232588192126
SWQHMQLSQHA,0.11730413788401887
SWQHIQLSQHA,0.16494459792817487
SWQCMQLSQHA,0.126068090264717
SWQCIQLSQHA,0.17321227411019105
SWQPIQLSQHA,0.018876881363617606
SAQTARLSQHA,0.09888688950036248
SAQQARLSQHA,0.004917768735405105
SAQLARLSQHA,0.013287353583415623
SAQAARLSQHA,0.21248998469186925
SAQHARLSQHA,0.07249530321363874
SAQCARLSQHA,0.126091295715468
SAQPARLSQHA,0.003919769914817305
SQQTARLSQHA,0.092236203808765
SQQQARLSQHA,0.21614693398507914
SQQLARLSQHA,0.057544279695789666
SQQAARLSQHA,0.0239465633234111
SQQHARLSQHA,0.05858123020632351
SQQCARLSQHA,0.361054599418148
SQQPARLSQHA,0.5881399989391721
SWQTARLSQHA,0.014722800109656861
SWQAARLSQHA,0.27666298649068105
SWQHARLSQHA,0.16783883006178568
SAQTAQISQHA,0.10018328413491746
SAQTAQQSQHA,0.11353696866652403
SAQQAQISQHA,0.20693360998082075
SAQQAQVSQHA,0.14195845179278146
SAQLAQVSQHA,0.07420026206679621
SAQAAQVSQHA,0.05929491868422542
SAQHAQISQHA,0.06134535178218694
SAQCAQISQHA,0.12030813658118324
SAQCAQQSQHA,0.026387002908748243
SAQPAQISQHA,0.01777012669700164
SAQPAQQSQHA,0.05418587709904747
SAQPAQVSQHA,0.9705320933815544
SQQTAQQSQHA,0.5566804434173225
SQQTAQVSQHA,0.11389824887759119
SQQQAQISQHA,0.017952628617586532
SQQQAQQSQHA,0.020009968198752635
SQQQAQVSQHA,0.12745672722504037
SQQLAQQSQHA,0.08030243259921924
SQQLAQVSQHA,0.23792324102202783
SQQAAQISQHA,0.03522705381932182
SQQAAQQSQHA,0.23159198889394936
SQQHAQISQHA,0.01582735187374799
SQQHAQVSQHA,0.07616619970555039
SQQCAQQSQHA,0.08582785118862417
SQQPAQISQHA,0.002764857099854388
SQQPAQVSQHA,0.3652934783236111
SWQTAQISQHA,0.04573352385239823
SWQTAQVSQHA,0.05955485240479397
SWQQAQQSQHA,0.0289315042841454
SWQLAQQSQHA,0.2307666661368962
SWQLAQVSQHA,0.27823688620377546
SWQAAQISQHA,0.2905404033370374
SWQAAQQSQHA,0.5737806981458513
SWQAAQVSQHA,0.5768383243405097
SWQHAQQSQHA,0.05482622080469113
SWQHAQVSQHA,0.1549406224830021
SWQCAQQSQHA,0.09776772849437546
SWQPAQISQHA,0.18818588628228136
SWQPAQQSQHA,0.06452876670465475
SWQPAQVSQHA,0.10800375057417679
SAQTAQLKQHA,0.06316023800342972
SAQTAQLRQHA,0.3754514251190531
SAQTAQLLQHA,0.22960190090980553
SAQTAQLCQHA,0.1182012799332898
SAQTAQLTQHA,0.0019427707697507505
SAQQAQLKQHA,0.009293275523980115
SAQQAQLRQHA,0.15303793375903732
SAQQAQLLQHA,0.4902751473609008
SAQQAQLCQHA,0.12990631114502463
SAQQAQLTQHA,0.3606649412800635
SAQLAQLKQHA,0.20698521867665298
SAQLAQLRQHA,0.06949295604392694
SAQLAQLLQHA,0.20805660736220818
SAQLAQLCQHA,0.26292755331345447
SAQLAQLTQHA,0.2130958820712859
SAQAAQLKQHA,0.5029208415887056
SAQAAQLRQHA,0.03784983856818854
SAQAAQLLQHA,0.07300034189858368
SAQAAQLCQHA,0.0714513366013101
SAQAAQLTQHA,0.06193634704938326
SAQHAQLKQHA,0.29779852572714116
SAQHAQLLQHA,0.039586471343985664
SAQHAQLCQHA,0.3105752256693114
SAQHAQLTQHA,0.4056711803122434
SAQCAQLKQHA,0.040308545083484325
SAQCAQLRQHA,0.4969413979433319
SAQCAQLLQHA,0.06863653241107537
SAQCAQLCQHA,0.164793276131696
SAQCAQLTQHA,0.2274356524990231
SAQPAQLKQHA,0.48786029913958595
SAQPAQLRQHA,0.08947764246045324
SAQPAQLLQHA,0.12838016300793367
SAQPAQLCQHA,0.041799978958881816
SAQPAQLTQHA,0.1886135875261622
SQQTAQLLQHA,0.14926374614486929
SQQTAQLCQHA,0.003552486882415934
SQQTAQLTQHA,0.2801493860632478
SQQQAQLKQHA,0.012117426431028306
SQQQAQLRQHA,0.2642345597606218
SQQQAQLLQHA,0.3060655272323599
SQQQAQLCQHA,0.06080847866371457
SQQQAQLTQHA,0.033497089637708435
SQQLAQLKQHA,0.04109460055761799
SQQLAQLRQHA,0.6189169104013478
SQQLAQLLQHA,0.3108525789690293
SQQLAQLCQHA,0.07781752656301574
SQQLAQLTQHA,0.1864478133556477
SQQAAQLKQHA,0.370310827444385
SQQAAQLRQHA,0.2664089378622171
SQQAAQLLQHA,0.0326273268114468
SQQAAQLCQHA,0.10114269502601646
SQQAAQLTQHA,0.050944446039399585
SQQHAQLKQHA,0.20705035128034002
SQQHAQLRQHA,0.20697213593524982
SQQHAQLLQHA,0.027638913043826614
SQQHAQLCQHA,0.382396044119743
SQQHAQLTQHA,0.0016477763437922131
SQQCAQLKQHA,0.1460515086146043
SQQCAQLRQHA,0.7423396740043059
SQQCAQLLQHA,0.062738174700035
SQQCAQLCQHA,0.12286449870187441
SQQCAQLTQHA,0.3291008898409597
SQQPAQLKQHA,0.26890224135401486
SQQPAQLRQHA,0.07014681472831481
SQQPAQLLQHA,0.08559126683145443
SQQPAQLCQHA,0.20945515595690262
SQQPAQLTQHA,0.015747780705036227
SWQTAQLKQHA,0.292103172250719
SWQTAQLRQHA,0.024640438113100533
SWQTAQLLQHA,0.012897214881106817
SWQTAQLTQHA,0.0504742719138532
SWQQAQLRQHA,0.06864719236623194
SWQQAQLLQHA,0.053179530879173584
SWQQAQLCQHA,0.1388997074879068
SWQQAQLTQHA,0.01911797902720604
SWQLAQLKQHA,0.009526717613843076
SWQLAQLRQHA,0.17336794250638812
SWQLAQLLQHA,0.08357977336131761
SWQLAQLCQHA,0.40943068626085555
SWQLAQLTQHA,0.046974918034190266
SWQAAQLKQHA,0.09915112996765638
SWQAAQLLQHA,0.39576064078627865
SWQAAQLCQHA,0.03918627717995424
SWQAAQLTQHA,0.27896152142677616
SWQHAQLKQHA,0.08919749793169272
SWQHAQLRQHA,0.05234339243430128
SWQHAQLLQHA,0.013105560576392578
SWQHAQLCQHA,0.01860896293944345
SWQCAQLKQHA,0.065866930924116
SWQCAQLRQHA,0.2640598525964442
SWQCAQLTQHA,0.1283852363726373
SWQPAQLKQHA,0.05657385895033684
SWQPAQLRQHA,0.08470576743050084
SWQPAQLCQHA,0.27603171536258997
SAQTAQLSKHA,0.34831196565999833
SAQQAQLSKHA,0.24746666816353105
SAQQAQLSAHA,0.04635549759349246
SAQLAQLSKHA,0.29962062922731286
SAQLAQLSRHA,0.04139357133929757
SAQAAQLSKHA,0.0610975531261463
SAQAAQLSRHA,0.11747164930155521
SAQPAQLSKHA,0.07789052355825808
SQQTAQLSKHA,0.05421533801556604
SQQQAQLSKHA,0.12414758013384718
SQQQAQLSAHA,0.13736659889508593
SQQLAQLSKHA,0.08349684470576307
SQQAAQLSKHA,0.21183825684262292
SQQAAQLSRHA,0.043627657613326876
SQQAAQLSAHA,0.14005145636558933
SQQHAQLSKHA,0.09818885269834517
SQQHAQLSRHA,0.010776501000911792
SQQHAQLSAHA,0.08614083953931119
SQQCAQLSKHA,0.038639370538737235
SQQCAQLSAHA,0.7067948551189194
SAQAAQLSQYA,0.061459206552922904
SAQHAQLSQFA,0.0003175813778295197
SAQCAQLSQFA,0.7903445842419564
SAQPAQLSQYA,0.0957466855749037
SQQTAQLSQFA,0.0001815052147461117
SQQTAQLSQYA,0.1009952418209155
SQQQAQLSQFA,0.05313524249790068
SQQQAQLSQYA,0.22984070612048182
SQQLAQLSQYA,0.16751960047177644
SQQHAQLSQYA,0.01564711027757892
SQQCAQLSQYA,0.07452800817320744
SQQPAQLSQYA,0.025424338345845846
SWQTAQLSQFA,1.0
SWQTAQLSQYA,0.25986702639804277
SWQLAQLSQFA,0.2782278549383994
SWQAAQLSQFA,0.04230859464581575
SWQAAQLSQYA,0.5007642305763979
SWQHAQLSQFA,0.3203858451443738
SWQHAQLSQYA,0.09169774121083629
SWQCAQLSQYA,0.04870967475428174
SWQPAQLSQFA,0.2866514071316239
SWQPAQLSQYA,0.10349154735083253
SAQTAQLSQHS,0.4669976257154716
SAQLAQLSQHS,0.034708462941013984
SAQAAQLSQHS,0.029810946228339436
SAQCAQLSQHS,0.019167300884964003
SAQPAQLSQHS,0.20380456661346275
SQQTAQLSQHS,0.5401597253983854
SQQQAQLSQHS,0.13158507763730137
SQQAAQLSQHS,0.41688359194265295
SQQRIRLSQHA,0.0852885791795945
SWQRMRLSQHA,0.24661949785083356
SWQRIRLSQHA,0.05034163139280431
SAQRMQISQHA,0.08597729746931361
SAQRMQQSQHA,0.31033519823172867
SAQRMQVSQHA,0.20058919489141389
SAQRIQQSQHA,0.11777035537350863
SAQRIQVSQHA,0.1119193433866803
SQQRMQISQHA,0.10718089371188277
SQQRIQQSQHA,0.1699508067845494
SWQRMQISQHA,0.20948746724393222
SWQRMQQSQHA,0.07395715056338263
SWQRIQISQHA,0.12450021302695302
SWQRIQVSQHA,0.17605772582953616
SAQRMQLRQHA,0.32963505087710926
SAQRMQLLQHA,0.09932734184764551
SAQRIQLLQHA,0.2506982335816722
SAQRIQLTQHA,0.06748488805267021
SQQRMQLRQHA,0.22144915947384042
SQQRIQLRQHA,0.6383979650742891
SQQRIQLLQHA,0.00409480554889024
SWQRMQLKQHA,0.27153510131092523
SWQRMQLRQHA,0.10032319369123413
SWQRMQLLQHA,0.044106539944909116
SWQRMQLCQHA,0.15025853747672044
SWQRMQLTQHA,0.009496145973701681
SWQRIQLLQHA,0.05592145412899425
SWQRIQLCQHA,0.5918474039811539
SAQRMQLSKHA,0.058655739895702566
SAQRMQLSAHA,0.1685645368297792
SAQRIQLSKHA,0.02051015691003705
SAQRIQLSRHA,0.36314740763396347
SQQRMQLSKHA,0.06219496934669974
SQQRMQLSRHA,0.06919893788497183
SQQRMQLSAHA,0.022150237776440967
SQQRIQLSRHA,0.024700693335239894
SWQRMQLSKHA,0.16810068377776094
SWQRIQLSAHA,0.035307729181987824
SAQRMQLSQFA,0.5740327230047663
SAQRMQLSQYA,0.015043412191669903
SAQRIQLSQYA,0.09071207404557985
SQQRMQLSQFA,0.04227252928641846
SQQRMQLSQYA,0.08421392192139962
SWQRMQLSQFA,0.08000586627061972
SWQRIQLSQYA,0.0038216441377504572
SAQRMQLSQHS,0.03978110863139056
SAQRIQLSQHS,0.08544924281139817
SQQRMQLSQHS,0.11376238254048686
SQQRARQSQHA,0.30049984729933393
SWQRARISQHA,0.14402258953563526
SWQRARQSQHA,0.07742044595766409
SWQRARVSQHA,0.1661277240538013
SAQRARLLQHA,0.04611567063597215
SQQRARLKQHA,0.2999612645636996
SQQRARLRQHA,0.15792014901780427
SWQRARLRQHA,0.30347666649990596
SWQRARLLQHA,0.034250108705098405
SWQRARLCQHA,0.017022540437433308
SWQRARLTQHA,0.16421256692603017
SAQRARLSRHA,0.07255815941333382
SQQRARLSAHA,0.06869271641502037
SWQRARLSKHA,0.14010729400377614
SQQRARLSQFA,0.023025130790553905
SQQRARLSQYA,0.0017750754745289937
SWQRARLSQYA,0.00953578366122843
SQQRAQVLQHA,0.1056803635902213
SWQRAQICQHA,0.01599117455232394
SWQRAQVSRHA,0.028816169966037516
SAQRAQLKRHA,0.14604255983628972
SAQRAQLRAHA,0.32187651345643375
SAQRAQLLKHA,0.018839153809446674
SAQRAQLTAHA,0.027075398632876675
SQQRAQLKKHA,0.2863136418705757
SQQRAQLKRHA,0.39346304954680605
SQQRAQLKAHA,0.07478283012549436
SQQRAQLRKHA,0.14493058812009899
SQQRAQLRAHA,0.22064473333821308
SQQRAQLCRHA,0.10426746462095805
SQQRAQLCAHA,0.18310947027883734
SQQRAQLTKHA,0.5127193454904111
SQQRAQLTRHA,0.021826746579839594
SQQRAQLTAHA,0.07908800287062197
SWQRAQLKKHA,0.00914198670301744
SWQRAQLKAHA,0.019542922118082062
SWQRAQLRRHA,0.3654596608594994
SWQRAQLLRHA,0.012237234453664994
SWQRAQLLAHA,0.724977562476431
SWQRAQLTKHA,0.007723683883859002
SWQRAQLTAHA,0.18494386470056223
SAQRAQLTQYA,0.0017324745780750762
SQQRAQLKQFA,0.5275536147589442
SQQRAQLKQYA,0.015921078966561402
SQQRAQLRQFA,0.005203950885437751
SQQRAQLRQYA,0.08825133321413912
SQQRAQLLQYA,0.18710565234935805
SQQRAQLCQFA,0.02860582045929397
SQQRAQLTQFA,0.3237449483074243
SQQRAQLTQYA,0.8652134295503175
SWQRAQLLQYA,0.006057895600843293
SWQRAQLCQFA,0.11356551805714246
SAQRAQLRQHS,0.14877026159467438
SAQRAQLLQHS,0.05409598541900708
SAQRAQLCQHS,0.21208324984065288
SQQRAQLRQHS,0.1540874905221074
SQQRAQLCQHS,0.011055750939582224
SWQRAQLLQHS,0.26188888165365803
SWQRAQLCQHS,0.07972122750166938
SAQRAQLSRFA,0.02215534008836807
SAQRAQLSRYA,0.4762838371514795
SQQRAQLSKYA,0.13992274852766604
SQQRAQLSRFA,0.21949604979391357
SQQRAQLSRYA,0.047382744227043264
SQQRAQLSAFA,0.2910908590289178
SQQRAQLSAYA,0.06235303058094457
SWQRAQLSKYA,0.2842609291603725
SWQRAQLSRFA,0.14417963741679293
SWQRAQLSRYA,0.15413985445828698
SWQRAQLSAFA,0.25151132051894287
SAQRAQLSKHS,0.15424496009113717
SAQRAQLSRHS,0.05279217335655212
SAQRAQLSAHS,0.25938429573786786
SQQRAQLSKHS,0.09447125878366883
SQQRAQLSAHS,0.028888383618084695
SWQRAQLSRHS,0.05011550342582436
SWQRAQLSAHS,0.09850216465733014
SFNTMQLSQHA,0.011448109763652329
SFNTIQLSQHA,0.1765063947067124
SFNQMQLSQHA,0.19942741320104393
SFNLMQLSQHA,0.02302198039225281
SFNAMQLSQHA,0.17644389517695377
SFNAIQLSQHA,0.19867981082619487
SFNHMQLSQHA,0.0335057411928716
SFNHIQLSQHA,0.3781430363503885
SFNCMQLSQHA,0.12061978548296956
SFNCIQLSQHA,0.26518634570048955
SFNPMQLSQHA,0.2797291578615573
SFNPIQLSQHA,0.3523228676488355
SFGTIQLSQHA,0.04913650642067162
SFGLMQLSQHA,0.030548387794540676
SFGLIQLSQHA,0.10369786605560885
SFGAMQLSQHA,0.0045465323844345335
SFGAIQLSQHA,0.0754910659554121
SFGHMQLSQHA,0.5970070851183832
SFGHIQLSQHA,0.04551564075707979
SFGCMQLSQHA,0.059305630401748306
SFGCIQLSQHA,0.1273307263809959
SFGPIQLSQHA,0.17543344719820975
SFNTARLSQHA,0.14513394671179575
SFNQARLSQHA,0.8501361079115927
SFNLARLSQHA,0.3279062196326345
SFNAARLSQHA,0.051459062611187614
SFNHARLSQHA,0.10678069521786694
SFNPARLSQHA,0.11560822212268397
SFGTARLSQHA,0.02721348060934531
SFGQARLSQHA,0.01773308759856193
SFGLARLSQHA,0.04318482866269978
SFGHARLSQHA,0.1696077326249452
SFGCARLSQHA,0.041174229963017
SFGPARLSQHA,0.14006925681187632
SFNTAQISQHA,0.12177147526260594
SFNTAQQSQHA,0.588662235246384
SFNTAQVSQHA,0.19563605152625924
SFNQAQISQHA,0.1418625150078693
SFNQAQQSQHA,0.23367097444294982
SFNQAQVSQHA,0.22770777024718536
SFNLAQISQHA,0.10960984177641118
SFNLAQQSQHA,0.12916524974837476
SFNLAQVSQHA,0.010051591459499996
SFNAAQISQHA,0.6122177263740026
SFNAAQQSQHA,0.004451686598486363
SFNAAQVSQHA,0.08793361038760562
SFNHAQISQHA,0.004671095529720067
SFNHAQQSQHA,0.5920982320031037
SFNHAQVSQHA,0.40326714366644306
SFNCAQISQHA,0.6541963867910009
SFNCAQQSQHA,0.318632034088213
SFNCAQVSQHA,0.26991536334744515
SFNPAQISQHA,0.022519930089109387
SFNPAQQSQHA,0.006713918120819141
SFNPAQVSQHA,0.10485210152104611
SFGTAQISQHA,0.2710205650730234
SFGTAQQSQHA,0.2994727726912241
SFGTAQVSQHA,0.18741519481111588
SFGQAQISQHA,0.041509622975035625
SFGQAQQSQHA,0.3218016042258594
SFGQAQVSQHA,0.12523333057465255
SFGLAQISQHA,0.4010321280997422
SFGLAQQSQHA,0.10315001515819121
SFGLAQVSQHA,0.09478256681674847
SFGAAQISQHA,0.3392747965989141
SFGAAQQSQHA,0.39259783441229695
SFGAAQVSQHA,0.21178014343380266
SFGHAQISQHA,0.006293100825448533
SFGHAQQSQHA,0.020356822021449623
SFGHAQVSQHA,0.24229103885806885
SFGCAQISQHA,0.04053157438779348
SFGCAQQSQHA,0.5030630441125679
SFGCAQVSQHA,0.033068877216618935
SFGPAQISQHA,0.011231883095976591
SFGPAQQSQHA,0.15886207390123408
SFGPAQVSQHA,0.01766716068548414
SFNTAQLKQHA,0.2982681491987236
SFNTAQLLQHA,0.00419235319143973
SFNTAQLCQHA,0.44741333963010405
SFNTAQLTQHA,0.0516327150528994
SFNQAQLKQHA,0.08816321440850755
SFNQAQLRQHA,0.1759454761302174
SFNQAQLCQHA,0.09506884384741662
SFNQAQLTQHA,0.00794306771002335
SFNLAQLKQHA,0.10200268255840868
SFNLAQLRQHA,0.11172723138558585
SFNLAQLLQHA,0.08998732597583063
SFNLAQLCQHA,0.05798237704875327
SFNAAQLKQHA,0.3854859950979532
SFNAAQLLQHA,0.24828288214723948
SFNAAQLCQHA,0.5993933351825288
SFNAAQLTQHA,0.059936289100196855
SFNHAQLKQHA,0.01513790545946198
SFNHAQLRQHA,0.15883629634015214
SFNHAQLLQHA,0.05052989025136317
SFNHAQLCQHA,0.007378632848966987
SFNHAQLTQHA,0.35153431131480645
SFNCAQLKQHA,0.021079761083495848
SFNCAQLRQHA,0.19410947043499976
SFNCAQLLQHA,0.03939599796850928
SFNCAQLCQHA,0.05400313652894841
SFNCAQLTQHA,0.05620354652043403
SFNPAQLKQHA,0.023006687768983524
SFNPAQLRQHA,0.23987836778281937
SFNPAQLLQHA,0.13052000377544268
SFNPAQLCQHA,0.2503864898100511
SFNPAQLTQHA,0.11470924908189016
SFGTAQLKQHA,0.0595129602339177
SFGTAQLRQHA,0.40261718190064855
SFGTAQLLQHA,0.3412965731133087
SFGTAQLTQHA,0.5940588943186017
SFGQAQLKQHA,0.07162700113530446
SFGQAQLRQHA,0.009076854473915761
SFGQAQLLQHA,0.01182844538110746
SFGQAQLCQHA,0.026247215311057528
SFGQAQLTQHA,0.05827614596429359
SFGLAQLRQHA,0.20448450221221323
SFGLAQLLQHA,0.5784979950371888
SFGLAQLTQHA,0.38758274731392794
SFGAAQLKQHA,0.28296617340737296
SFGAAQLLQHA,0.3090944398567531
SFGHAQLKQHA,0.07865225541104034
SFGHAQLRQHA,0.378723088973886
SFGHAQLTQHA,0.02365806171235674
SFGCAQLKQHA,0.6555584651805654
SFGCAQLCQHA,0.4881196354143383
SFGPAQLRQHA,0.08866023179049475
SFGPAQLLQHA,0.023011682365566045
SFGPAQLTQHA,0.2686881565934134
SFNTAQLSKHA,0.07154325902147551
SFNTAQLSRHA,0.007517653565243984
SFNQAQLSKHA,0.18620284366886578
SFNLAQLSKHA,0.006392702038578303
SFNAAQLSAHA,0.09990248094307479
SFNHAQLSKHA,0.061999039424122424
SFNHAQLSRHA,0.475699346484191
SFNHAQLSAHA,0.19323168736895432
SFNCAQLSAHA,0.0074287381905632915
SFNPAQLSAHA,0.28774998734034346
SFGTAQLSAHA,0.22930118003351882
SFGQAQLSKHA,0.0860515670982283
SFGQAQLSAHA,0.04384843831952058
SFGLAQLSKHA,0.4727380150229881
SFGLAQLSRHA,0.027846119812986778
SFGAAQLSKHA,0.007250549638330116
SFGCAQLSKHA,0.004596355913525959
SFGCAQLSAHA,0.13188866175071856
SFGPAQLSKHA,0.02972403526610997
SFGPAQLSRHA,0.10766423438522255
SFNQAQLSQFA,0.036527283684291
SFNLAQLSQYA,0.12486862354981106
SFNPAQLSQYA,0.04201297142219773
SFGTAQLSQFA,0.004674176209011631
SFGLAQLSQFA,0.13884192321800753
SFGAAQLSQYA,0.014575485508220716
SFGHAQLSQYA,0.09962960604402697
SFGCAQLSQFA,0.09325861256119383
SFGCAQLSQYA,0.31081496629477673
SFNTAQLSQHS,0.3804366617427036
SFNPAQLSQHS,0.055595636683494785
SFGHAQLSQHS,0.23101784353531576
SFGCAQLSQHS,0.11127220749568353
SFGRMRLSQHA,0.10718158986517065
SFGRIRLSQHA,0.04652669774873319
SFNRMQISQHA,0.12442963358411471
SFNRMQQSQHA,0.14686780800740046
SFNRIQISQHA,0.15644177248499194
SFNRIQQSQHA,0.22873277312664278
SFNRIQVSQHA,0.046450740693265935
SFGRMQISQHA,0.036981582460335075
SFGRMQQSQHA,0.030293465725885482
SFGRIQISQHA,0.03972423600198698
SFGRIQQSQHA,0.03986253560668159
SFNRIQLKQHA,0.01449517641213462
SFNRIQLLQHA,0.11013663820944113
SFNRIQLCQHA,0.004969809919226931
SFNRIQLTQHA,0.08541634626555976
SFGRMQLKQHA,0.29214974959950124
SFGRMQLRQHA,0.2942420128890316
SFGRMQLLQHA,0.4060645691103898
SFGRMQLCQHA,0.03085321077153973
SFGRMQLTQHA,0.10161502635210569
SFGRIQLRQHA,0.006724911508609354
SFGRIQLLQHA,0.15574726334715233
SFGRIQLCQHA,0.06687561514830204
SFGRIQLTQHA,0.3304316112740143
SFNRMQLSKHA,0.03920328609396297
SFNRMQLSRHA,0.12097031422096213
SFNRIQLSKHA,0.031600870542806296
SFGRMQLSKHA,0.04055907996863016
SFGRIQLSRHA,0.28647084884604046
SFNRIQLSQFA,0.00339053640976
SFGRMQLSQFA,0.169219856558692
SFGRMQLSQYA,0.045965096294399564
SFGRIQLSQFA,0.07990915589690112
SFGRIQLSQYA,0.18045823280405815
SFNRMQLSQHS,0.2805825234853344
SFGRIQLSQHS,0.17861663828196261
SFNRARISQHA,0.0018025386266730065
SFNRARQSQHA,0.09127311167216234
SFNRARVSQHA,0.23574387037349145
SFGRARISQHA,0.030820386733856453
SFGRARQSQHA,0.0740807351177203
SFGRARVSQHA,0.058961765332701324
SFNRARLKQHA,0.27078576370085194
SFNRARLRQHA,0.10498670717921506
SFNRARLLQHA,0.06036044990744655
SFNRARLCQHA,0.19116878815441338
SFNRARLTQHA,0.019629554074489873
SFGRARLKQHA,0.6863638919343888
SFGRARLSRHA,0.014751716403563866
SFNRARLSQYA,0.009158252507061555
SFNRARLSQHS,0.16575171327715316
SFGRARLSQHS,0.01918212280661143
SFNRAQICQHA,0.0019238044556250473
SFNRAQQKQHA,0.363453771871997
SFNRAQQLQHA,0.021471419389310176
SFNRAQQTQHA,0.040037257529261544
SFNRAQVLQHA,0.017246740652360284
SFNRAQVTQHA,0.026683732073894708
SFGRAQIKQHA,0.5233361203945185
SFGRAQILQHA,0.04701677414244355
SFGRAQICQHA,0.02905591190233267
SFGRAQITQHA,0.14181135814431142
SFGRAQQRQHA,0.06796825576531325
SFGRAQQCQHA,0.10774448554490984
SFGRAQVKQHA,0.043808965519406794
SFGRAQVRQHA,0.10440086714719259
SFGRAQVLQHA,0.00010980585754209598
SFGRAQVCQHA,0.06774799016993355
SFGRAQVTQHA,0.06094089397746002
SFNRAQISKHA,0.04169176506134326
SFNRAQISRHA,0.2826489343659956
SFNRAQVSAHA,0.023215998225031714
SFGRAQISKHA,0.10719946885595553
SFGRAQISAHA,0.15686543348432652
SFGRAQQSKHA,0.29344229173946085
SFGRAQVSRHA,0.00976049044688326
SFNRAQISQYA,0.02998370654983926
SFNRAQQSQFA,0.04335729291158652
SFNRAQQSQYA,0.08491280814298804
SFNRAQVSQFA,0.03372783156407899
SFGRAQISQFA,0.008389167729307178
SFGRAQQSQYA,0.003990584328759283
SFGRAQVSQFA,0.0232565725421591
SFNRAQQSQHS,0.13103455698197272
SFNRAQLKKHA,0.009443741127258216
SFNRAQLKRHA,0.10475708430545252
SFNRAQLKAHA,0.13814344933329215
SFNRAQLRKHA,0.07043514308943598
SFGRAQLRAHA,0.005372850931729126
SFGRAQLLAHA,0.039398628112409774
SFGRAQLCKHA,0.025246106880185137
SFGRAQLTKHA,0.22975144457447647
SFNRAQLKQFA,0.27914851582884836
SFNRAQLKQYA,0.049069946847443424
SFNRAQLRQFA,0.28437175720436914
SFNRAQLLQFA,0.21377490120587958
SFNRAQLCQFA,0.5027831214506141
SFNRAQLTQFA,0.049326209692224995
SFGRAQLRQYA,0.19261348511271761
SFGRAQLCQFA,0.3312597621686858
SFNRAQLKQHS,0.008164179854161107
SFNRAQLLQHS,0.30704484882639044
SFNRAQLCQHS,0.05793782886221474
SFNRAQLTQHS,0.14169762604918718
SFGRAQLKQHS,0.0904010161051115
SFGRAQLCQHS,0.05651519617656839
SFGRAQLTQHS,0.055909397292754924
SFNRAQLSRFA,0.004895433411251903
SFGRAQLSKYA,0.5469935200650188
SFGRAQLSAHS,0.12909084018338843
SFQTMRLSQHA,0.2008626420773953
SFQTIRLSQHA,0.284565179841095
SFQQMRLSQHA,0.3772277633574245
SFQQIRLSQHA,0.040880122628518846
SFQLMRLSQHA,0.04532427470990962
SFQLIRLSQHA,0.06100240645297849
SFQAIRLSQHA,0.14283081597761507
SFQHMRLSQHA,0.03448251888031012
SFQCIRLSQHA,0.213373599723579
SFQPIRLSQHA,0.0030088781178215624
SFQTIQVSQHA,0.18890665194059333
SFQQMQVSQHA,0.03271412667176982
SFQQIQISQHA,0.32967032859891315
SFQQIQVSQHA,0.08372447296828707
SFQHMQVSQHA,0.03237421250269485
SFQCIQQSQHA,0.03135423579687018
SFQCIQVSQHA,0.18126580795077954
SFQPMQISQHA,0.027837615307024482
SFQPMQVSQHA,0.08469164686811809
SFQTIQLKQHA,0.01812971195631639
SFQQMQLCQHA,0.42898941436197796
SFQQMQLTQHA,0.001755569707980911
SFQLIQLRQHA,0.19213301376846903
SFQLIQLLQHA,0.006292871825714035
SFQLIQLCQHA,0.012320787540550085
SFQAMQLRQHA,0.054134392130033
SFQAMQLLQHA,0.14462964044293744
SFQAIQLKQHA,0.1821660516048886
SFQAIQLLQHA,0.010304388702265634
SFQAIQLCQHA,0.14987596237487905
SFQAIQLTQHA,0.24587984888350423
SFQHMQLKQHA,0.04862294174911042
SFQHMQLRQHA,0.13260534710649854
SFQHMQLLQHA,0.002579642508350735
SFQHIQLKQHA,0.18879307680124144
SFQHIQLRQHA,0.16419626661248513
SFQHIQLLQHA,0.0026860649745856302
SFQHIQLTQHA,0.20907310618636288
SFQCMQLKQHA,0.35705493438732344
SFQCMQLCQHA,0.11346181227796952
SFQCMQLTQHA,0.32120791381344727
SFQCIQLLQHA,0.21779250397949668
SFQCIQLCQHA,0.19124779976296816
SFQPMQLLQHA,0.2645626017497855
SFQPIQLCQHA,0.21898336210711455
SFQTIQLSKHA,0.1873350492345893
SFQAIQLSKHA,0.16247334446152398
SFQHMQLSRHA,0.19273818120115788
SFQHMQLSAHA,0.35079907538704347
SFQPMQLSRHA,0.16896921708972815
SFQTIQLSQYA,0.2220273242463523
SFQQIQLSQFA,0.0460064500744327
SFQHMQLSQFA,0.33343778290737036
SFQPMQLSQYA,0.051046489730780485
SFQLIQLSQHS,0.3288404492896563
SFQAMQLSQHS,0.06429127328895035
SFQTARISQHA,0.21582938845625707
SFQQARISQHA,0.055790251447514046
SFQQARQSQHA,0.04880917837638699
SFQQARVSQHA,0.007595045697828131
SFQLARISQHA,0.11793013521622182
SFQLARQSQHA,0.2253547803546434
SFQLARVSQHA,0.19624414962222864
SFQHARISQHA,0.22920481308052582
SFQHARVSQHA,0.012349231911881824
SFQCARISQHA,0.00857389368848719
SFQPARISQHA,0.2122676009101525
SFQPARQSQHA,0.0735505624166613
SFQTARLKQHA,0.12006110409811098
SFQTARLRQHA,0.07432049356221548
SFQTARLLQHA,0.1542610252121225
SFQTARLCQHA,0.06711223111694517
SFQTARLTQHA,0.3916114879679539
SFQQARLRQHA,0.08674219387866806
SFQQARLCQHA,0.07964121095113975
SFQLARLKQHA,0.278996553310575
SFQLARLCQHA,0.06186731609105631
SFQLARLTQHA,0.34792738009464036
SFQAARLRQHA,0.14263279120708922
SFQAARLLQHA,0.05943946900987577
SFQAARLCQHA,0.0016406759907905291
SFQHARLKQHA,0.15492770266665676
SFQHARLRQHA,0.11964812378672632
SFQHARLLQHA,0.5097730689367643
SFQHARLCQHA,0.46731301538373626
SFQHARLTQHA,0.0004579434966544935
SFQCARLKQHA,0.003094291239756788
SFQCARLRQHA,0.1123858296121587
SFQCARLCQHA,0.35149402392116
SFQCARLTQHA,0.04055521835667292
SFQPARLKQHA,0.22360415063949277
SFQPARLRQHA,0.033040638316854117
SFQPARLLQHA,0.02436443814055941
SFQPARLCQHA,0.17776330642584787
SFQPARLTQHA,0.09509928471187011
SFQTARLSKHA,0.03014893556332113
SFQHARLSKHA,0.16549984155027886
SFQTAQIRQHA,0.12789881991302685
SFQTAQQCQHA,0.16348472134833583
SFQTAQQTQHA,0.018336208575188043
SFQTAQVKQHA,0.0369079900927695
SFQTAQVRQHA,0.0486752417467073
SFQQAQIRQHA,0.5706791540271202
SFQQAQILQHA,0.0720888768909303
SFQQAQICQHA,0.2551472169837447
SFQQAQQRQHA,0.19492584173091354
SFQQAQQLQHA,0.17753873522633076
SFQQAQQTQHA,0.03794222596445659
SFQQAQVKQHA,0.1812121534167408
SFQQAQVRQHA,0.012095123526920416
SFQQAQVLQHA,0.2000922904640463
SFQQAQVCQHA,0.44723350398828793
SFQQAQVTQHA,0.06299936426563599
SFQLAQIRQHA,0.09801869801847318
SFQLAQILQHA,0.16804651491613953
SFQLAQICQHA,0.5054836050633642
SFQLAQITQHA,0.03299192945682325
SFQLAQQKQHA,0.030695902389241563
SFQLAQQRQHA,0.05264693765035916
SFQLAQQLQHA,0.17849487383236531
SFQLAQQCQHA,0.045108885640469575
SFQLAQVKQHA,0.11594104870875727
SFQLAQVRQHA,0.03025070670225674
SFQLAQVLQHA,0.056277426167912745
SFQLAQVCQHA,0.22662525653140175
SFQLAQVTQHA,0.03315176559370408
SFQAAQIKQHA,0.4592101975988208
SFQAAQIRQHA,0.1060175403476523
SFQAAQILQHA,0.16407518417647307
SFQAAQICQHA,0.02327976789873574
SFQAAQITQHA,0.07793882033151993
SFQAAQQKQHA,0.030051289173515006
SFQAAQQRQHA,0.059729607160101825
SFQAAQQLQHA,0.15846600967694477
SFQAAQQCQHA,0.04592077503732051
SFQAAQQTQHA,0.0745773275787283
SFQAAQVKQHA,0.06751774869340896
SFQHAQITQHA,0.15009257111565175
SFQHAQQTQHA,0.3520961433856065
SFQHAQVKQHA,0.12878629103952513
SFQHAQVRQHA,0.014490635172554627
SFQHAQVTQHA,0.19327309280555183
SFQCAQIRQHA,0.0878811419394819
SFQCAQILQHA,0.3309595686854868
SFQCAQICQHA,0.04121416161886271
SFQCAQQKQHA,0.13209141319923975
SFQCAQQRQHA,0.05789002929771104
SFQCAQQLQHA,0.17310892788274365
SFQCAQQCQHA,0.34493572412326123
SFQCAQVCQHA,0.16806818706645094
SFQPAQICQHA,0.05798019323374964
SFQPAQITQHA,0.0930785166729324
SFQPAQQKQHA,0.5377157551174065
SFQPAQVTQHA,0.03869499101038819
SFQTAQISKHA,0.07166805934026792
SFQTAQISRHA,0.049281823996678985
SFQTAQISAHA,0.3653454236535686
SFQTAQVSKHA,0.26971535662815427
SFQTAQVSRHA,0.1041926567047837
SFQTAQVSAHA,0.09302277719041785
SFQQAQISRHA,0.11966909918144247
SFQQAQISAHA,0.03921983015548613
SFQQAQQSKHA,0.1436494378753059
SFQQAQQSRHA,0.08490243480822406
SFQQAQVSKHA,0.027150842932982734
SFQQAQVSRHA,0.35523808419040515
SFQQAQVSAHA,0.10006930985830587
SFQLAQISKHA,0.031450055257771135
SFQLAQISRHA,0.1018490620328861
SFQLAQISAHA,0.17131318813824586
SFQLAQQSKHA,0.08297696215280821
SFQLAQQSRHA,0.02683940157176145
SFQLAQQSAHA,0.01984822020492603
SFQLAQVSKHA,0.18281857420969583
SFQLAQVSRHA,0.26966679437547886
SFQLAQVSAHA,0.11944833082864457
SFQAAQISKHA,0.02712753040355199
SFQAAQISAHA,0.24691857716598536
SFQAAQQSKHA,0.011771327768717739
SFQAAQQSRHA,0.11270322058126443
SFQAAQQSAHA,0.05065759851943148
SFQAAQVSKHA,0.3386976225951411
SFQAAQVSRHA,0.1781888311710305
SFQAAQVSAHA,0.3775963378937867
SFQHAQISKHA,0.06654486970377003
SFQHAQISRHA,0.006879066632220584
SFQHAQISAHA,0.010670833001031648
SFQHAQQSKHA,0.12800724627729504
SFQHAQQSRHA,0.02017590180206324
SFQCAQISAHA,0.38519016171761405
SFQCAQQSKHA,0.09959814159419011
SFQCAQQSAHA,0.0862212616556853
SFQCAQVSKHA,0.11060752157569645
SFQCAQVSRHA,0.29751844232809616
SFQCAQVSAHA,0.03704175990791422
SFQPAQISKHA,0.0030633016318086016
SFQPAQISRHA,0.03002303939327268
SFQPAQISAHA,0.0809236063671829
SFQPAQQSKHA,0.19559451137432082
SFQPAQQSRHA,0.12818866107375543
SFQPAQQSAHA,0.012847391573808455
SFQPAQVSKHA,0.23301393099604978
SFQPAQVSRHA,0.06664483097114772
SFQPAQVSAHA,0.065065339959249
SFQTAQISQFA,0.4468757693679103
SFQTAQISQYA,0.09397337734957549
SFQTAQQSQFA,0.27254528368397074
SFQTAQVSQFA,0.12714407117614218
SFQTAQVSQYA,0.3698574808462861
SFQQAQISQFA,0.003354529141459235
SFQQAQISQYA,0.025682498676500545
SFQQAQQSQYA,0.23649372455867476
SFQQAQVSQFA,0.2505123343026474
SFQLAQISQFA,0.11546840017272678
SFQLAQISQYA,0.07362507026561407
SFQLAQQSQFA,0.11608218954845764
SFQLAQQSQYA,0.00878250560447555
SFQLAQVSQFA,0.0994675140699218
SFQLAQVSQYA,0.6834309660470476
SFQAAQISQFA,0.07054902837225153
SFQAAQISQYA,0.06222567186007543
SFQAAQQSQFA,0.40797185450829343
SFQAAQQSQYA,0.008051512258753182
SFQAAQVSQFA,0.05366441470069294
SFQAAQVSQYA,0.000958783041741424
SFQHAQISQFA,0.047971226818303944
SFQHAQISQYA,0.14455978810326942
SFQHAQQSQYA,0.3774764829627576
SFQHAQVSQFA,0.1016889228368877
SFQHAQVSQYA,0.48266188267377863
SFQCAQISQFA,0.23702845211348247
SFQCAQISQYA,0.21101670121575108
SFQCAQQSQYA,0.02687376461257517
SFQCAQVSQFA,0.0901346062749719
SFQCAQVSQYA,0.11455111376146712
SFQPAQISQFA,0.23724954255537084
SFQPAQISQYA,0.013818159121728516
SFQPAQQSQFA,0.00872753605787107
SFQPAQQSQYA,0.03890673256786394
SFQPAQVSQFA,0.13429356762350153
SFQPAQVSQYA,0.5574237473575107
SFQTAQISQHS,0.30625929962123627
SFQTAQQSQHS,0.2502896608090754
SFQTAQVSQHS,0.021142090519112325
SFQQAQISQHS,0.11682085691438827
SFQQAQQSQHS,0.010916252863118864
SFQQAQVSQHS,0.46714107607409505
SFQLAQISQHS,0.001940442100989188
SFQLAQVSQHS,0.030683298002591668
SFQAAQISQHS,0.07140340147145184
SFQHAQISQHS,0.06365130056616479
SFQHAQQSQHS,0.038742517282959105
SFQHAQVSQHS,0.011990588944250329
SFQCAQISQHS,0.18518440295014987
SFQCAQQSQHS,0.17453013232369846
SFQCAQVSQHS,0.0032982183498921716
SFQPAQISQHS,0.010154246766620408
SFQPAQQSQHS,0.14226564825946045
SFQPAQVSQHS,0.11256470950602901
SFQTAQLKKHA,0.17303075716493566
SFQTAQLKRHA,0.05218742523602052
SFQTAQLKAHA,0.29431029063386005
SFQTAQLRKHA,0.03967149881273349
SFQTAQLRRHA,0.011279476301030055
SFQTAQLRAHA,0.12682758416939488
SFQTAQLLKHA,0.061139703796439696
SFQTAQLLRHA,0.060034092210029324
SFQTAQLCKHA,0.03947006549966988
SFQTAQLCRHA,0.06772695500259751
SFQTAQLCAHA,0.11269259875603586
SFQTAQLTKHA,0.016858666667274525
SFQTAQLTRHA,0.2343661137455699
SFQTAQLTAHA,0.07237816827726024
SFQQAQLKKHA,0.09870918928836864
SFQQAQLKRHA,0.0416129238389911
SFQQAQLKAHA,0.03418612310090762
SFQQAQLRKHA,0.048488001832332796
SFQQAQLRRHA,0.27024886272581905
SFQQAQLRAHA,0.2801160689388448
SFQQAQLLRHA,0.1744020237789433
SFQQAQLLAHA,0.2168986403124442
SFQQAQLCKHA,0.10727592747502773
SFQQAQLCRHA,0.17422792407512097
SFQQAQLTRHA,0.24559023804543084
SFQQAQLTAHA,0.059461212157391245
SFQLAQLKKHA,0.00303496796971814
SFQLAQLKRHA,0.012047263986249892
SFQLAQLKAHA,0.06903749673059888
SFQLAQLRKHA,0.13414873055423798
SFQLAQLRRHA,0.33767133618946327
SFQLAQLRAHA,0.05106590151972876
SFQLAQLLKHA,0.1584917433289757
SFQLAQLLRHA,0.09347411840686522
SFQLAQLLAHA,0.13240410097325991
SFQLAQLCKHA,0.3716943875507529
SFQLAQLCRHA,0.055360896798784795
SFQLAQLCAHA,0.0052871173962644475
SFQLAQLTRHA,0.026629948350418133
SFQLAQLTAHA,0.21383724048560296
SFQAAQLKKHA,0.2331339410287863
SFQAAQLKRHA,0.10322004394672848
SFQAAQLKAHA,0.30636497052811307
SFQAAQLRRHA,0.11043292774777627
SFQAAQLRAHA,0.18461477119597702
SFQAAQLLKHA,0.08252565040695202
SFQAAQLLRHA,0.04024355553556504
SFQAAQLLAHA,0.15884578232155994
SFQAAQLCKHA,0.1415219288981334
SFQAAQLCRHA,0.12800614930299906
SFQAAQLCAHA,0.17691364774198712
SFQAAQLTKHA,0.20297006878562326
SFQAAQLTRHA,0.13501768947934348
SFQAAQLTAHA,0.10534049159386377
SFQHAQLKKHA,0.1157451185774129
SFQHAQLKRHA,0.034342770832016874
SFQHAQLKAHA,0.08045985247894732
SFQHAQLRKHA,0.077038672711537
SFQHAQLRRHA,0.26253406232605997
SFQHAQLRAHA,0.1460503710462993
SFQHAQLLKHA,0.04622709907515923
SFQHAQLLRHA,0.08502630729453536
SFQHAQLLAHA,0.07497192144910189
SFQHAQLCRHA,0.1615146028728294
SFQHAQLTRHA,0.26064040607910305
SFQHAQLTAHA,0.01432654497573649
SFQCAQLKRHA,0.16711546481523215
SFQCAQLKAHA,0.04826909897598992
SFQCAQLRKHA,0.052546310715333375
SFQCAQLRRHA,0.014450441326252334
SFQCAQLRAHA,0.1839941017399176
SFQCAQLLRHA,0.10685694003442277
SFQCAQLLAHA,0.01205118130399417
SFQCAQLCKHA,0.05669101187975535
SFQCAQLCRHA,0.440988025407346
SFQCAQLCAHA,0.4045480973051285
SFQCAQLTRHA,0.02776766312631834
SFQCAQLTAHA,0.011821829248309736
SFQPAQLKKHA,0.02172388916052994
SFQPAQLKRHA,0.14120403179478921
SFQPAQLKAHA,0.22747803797147736
SFQPAQLRKHA,0.26200682330433755
SFQPAQLRRHA,0.08488470622557744
SFQPAQLRAHA,0.5381421750890639
SFQPAQLLKHA,0.13054437840105793
SFQPAQLLRHA,0.03984364189529916
SFQPAQLLAHA,0.0008055375814972404
SFQPAQLCKHA,0.10263429491884454
SFQPAQLCRHA,0.11432592704695253
SFQPAQLCAHA,0.1321686986983688
SFQPAQLTKHA,0.12125848882464875
SFQPAQLTRHA,0.18146759132158063
SFQPAQLTAHA,0.026546645391808045
SFQTAQLKQFA,0.13788419304299565
SFQTAQLRQFA,0.0022267482994863448
SFQTAQLRQYA,0.06314547308688176
SFQTAQLLQFA,0.09075836726027467
SFQTAQLLQYA,0.40703084928951555
SFQTAQLCQFA,0.23483603885035553
SFQTAQLCQYA,0.11848643533684633
SFQTAQLTQFA,0.09289212573673863
SFQTAQLTQYA,0.07316897052455294
SFQQAQLKQFA,0.11205162761234329
SFQQAQLKQYA,0.010097121277099833
SFQQAQLRQFA,0.19356245881819836
SFQQAQLLQYA,0.02121184962832483
SFQQAQLCQFA,0.5442412544711411
SFQQAQLCQYA,0.1246242943621198
SFQQAQLTQFA,0.007734656278685093
SFQQAQLTQYA,0.035671481920993356
SFQLAQLKQYA,0.06222715960801761
SFQLAQLRQYA,0.10154412959288447
SFQLAQLLQFA,0.14756668636978332
SFQLAQLLQYA,0.6558454371802708
SFQLAQLCQYA,0.43919856926033307
SFQLAQLTQFA,0.17722415084688412
SFQLAQLTQYA,0.0029228143268148826
SFQAAQLKQFA,0.27342459130030355
SFQAAQLKQYA,0.06544130261333411
SFQAAQLRQFA,0.10327392552270434
SFQAAQLRQYA,0.3788605334027228
SFQAAQLLQFA,0.05050907417569551
SFQAAQLLQYA,0.1188096476329803
SFQAAQLCQFA,0.1600079653803434
SFQAAQLCQYA,0.3450391605086013
SFQAAQLTQFA,0.09449824419378346
SFQAAQLTQYA,0.011979242410445888
SFQHAQLKQFA,0.08503689851568395
SFQHAQLLQFA,0.460913045314944
SFQHAQLLQYA,0.1328705067417674
SFQHAQLCQFA,0.017698237492284972
SFQHAQLCQYA,0.17962934445689738
SFQHAQLTQYA,0.040485605380081315
SFQCAQLKQFA,0.0886147161447817
SFQCAQLKQYA,0.14442496478395025
SFQCAQLRQFA,0.027429913967781164
SFQCAQLLQFA,0.016987984561122944
SFQCAQLLQYA,0.04748175179426665
SFQCAQLCQFA,0.17278828985324005
SFQCAQLCQYA,0.08674043162866232
SFQCAQLTQFA,0.04041022663744124
SFQCAQLTQYA,0.2249846315073047
SFQPAQLKQFA,0.4632951299880122
SFQPAQLKQYA,0.03474734066956756
SFQPAQLRQFA,0.08522425992328038
SFQPAQLRQYA,0.12453205209614997
SFQPAQLLQFA,0.012430403645913706
SFQPAQLLQYA,0.19151358865792542
SFQPAQLCQFA,0.051710530566218375
SFQPAQLCQYA,0.10174985535583547
SFQPAQLTQFA,0.19811297124890156
SFQPAQLTQYA,0.1365232466153777
SFQTAQLKQHS,0.13622185878527884
SFQTAQLRQHS,0.2899037960212642
SFQTAQLLQHS,0.10881452728117778
SFQTAQLCQHS,0.1979776364407086
SFQTAQLTQHS,0.6700142676625975
SFQQAQLKQHS,0.09667770513564411
SFQQAQLRQHS,0.25646356078876964
SFQQAQLLQHS,0.030475978170348493
SFQQAQLCQHS,0.026744577201531075
SFQQAQLTQHS,0.35786528691432673
SFQLAQLKQHS,0.0385636576004029
SFQLAQLRQHS,0.06650597410406704
SFQLAQLLQHS,0.3786881593350397
SFQLAQLCQHS,0.1294786512706186
SFQAAQLKQHS,0.06882568017939295
SFQAAQLRQHS,0.06990268389069022
SFQAAQLLQHS,0.28469167744293417
SFQAAQLCQHS,0.0018399975192930308
SFQAAQLTQHS,0.002771084407821569
SFQHAQLKQHS,0.002876003646235089
SFQHAQLRQHS,0.11179541766260596
SFQHAQLLQHS,0.00968217452302174
SFQHAQLTQHS,0.4407424316559115
SFQCAQLKQHS,0.08733155331492483
SFQCAQLRQHS,0.1359015289041071
SFQCAQLLQHS,0.17546505983842275
SFQCAQLCQHS,0.004413371750640472
SFQCAQLTQHS,0.20050228351948107
SFQPAQLKQHS,0.12982013338092482
SFQPAQLRQHS,0.2832911053030422
SFQPAQLLQHS,0.439186980793949
SFQPAQLCQHS,0.2021837399302802
SFQPAQLTQHS,0.021975809525353156
SFQTAQLSKFA,0.15921470586720135
SFQTAQLSKYA,0.18982362308332185
SFQTAQLSRFA,0.08887527938725014
SFQTAQLSAFA,0.07524921463453393
SFQTAQLSAYA,0.05088103319728195
SFQQAQLSKFA,0.09913764841999619
SFQQAQLSKYA,0.03896203058632236
SFQQAQLSRFA,0.1446969182358792
SFQQAQLSAFA,0.07856687966638319
SFQQAQLSAYA,0.16959762492809086
SFQLAQLSKFA,0.023204110432079227
SFQLAQLSKYA,0.2831884106963531
SFQLAQLSRFA,0.0798171176136222
SFQLAQLSRYA,0.08320483031740483
SFQLAQLSAFA,0.39834655568216815
SFQLAQLSAYA,0.06158727532028789
SFQAAQLSKFA,0.05565546785554459
SFQAAQLSKYA,0.27513648663451157
SFQAAQLSRFA,0.1399064269434048
SFQAAQLSRYA,0.2580107773183234
SFQAAQLSAYA,0.01969571235055696
SFQHAQLSKFA,0.12431358148802563
SFQHAQLSKYA,0.09614961152947606
SFQHAQLSRYA,0.4534346878061375
SFQHAQLSAFA,0.003926843761926152
SFQCAQLSKFA,0.11474980016250928
SFQCAQLSRFA,0.027605568909316716
SFQCAQLSRYA,0.038912787295509135
SFQCAQLSAFA,0.10447811018121392
SFQPAQLSKFA,0.014152697233276943
SFQPAQLSKYA,0.19510932658032232
SFQTAQLSKHS,0.0013296598653575748
SFQTAQLSRHS,0.05314715877019011
SFQTAQLSAHS,0.04535039879041272
SFQQAQLSKHS,0.07097440279079129
SFQQAQLSRHS,0.1840143369397608
SFQLAQLSKHS,0.11055864219893392
SFQLAQLSRHS,0.3613173098662385
SFQLAQLSAHS,0.1291187478030401
SFQAAQLSKHS,0.02634778064325788
SFQAAQLSRHS,0.14702901702961332
SFQAAQLSAHS,0.11124265552484343
SFQHAQLSKHS,0.020110615471606422
SFQHAQLSRHS,0.2579204585504145
SFQHAQLSAHS,0.0532162548742631
SFQCAQLSKHS,0.04383985074216747
SFQCAQLSRHS,0.10593000780584641
SFQCAQLSAHS,0.037841777456336406
SFQPAQLSKHS,0.24755523528240395
SFQPAQLSRHS,0.2617654058954049
SFQPAQLSAHS,0.21101448003867648
SFQTAQLSQFS,0.024310639219706758
SFQTAQLSQYS,0.25421147836803093
SFQQAQLSQFS,0.07616564512235707
SFQQAQLSQYS,0.18619914934763251
SFQLAQLSQFS,0.23176208477594246
SFQLAQLSQYS,0.16548943300824123
SFQAAQLSQYS,0.20738969548382474
SFQHAQLSQFS,0.1196444746241466
SFQHAQLSQYS,0.11266637674695869
SFQCAQLSQFS,0.19320391420626942
SFQCAQLSQYS,0.3245143000824719
SFQPAQLSQFS,0.360751643297163
SFQPAQLSQYS,0.6813485660894227
SFQRMRISQHA,0.21769639750865283
SFQRMRQSQHA,0.24092780096066105
SFQRMRVSQHA,0.27995620570181406
SFQRIRISQHA,0.03669441697786788
SFQRIRQSQHA,0.005076021926092001
SFQRIRVSQHA,0.040887419076817165
SFQRMRLKQHA,0.10275597750846295
SFQRMRLRQHA,0.048127982919798605
SFQRMRLLQHA,0.019522564358254436
SFQRMRLCQHA,0.004751257293585879
SFQRMRLTQHA,0.15464606571521697
SFQRIRLKQHA,0.1348780957772035
SFQRIRLRQHA,0.029773804381572434
SFQRIRLLQHA,0.04300554710680542
SFQRIRLCQHA,0.04701804422661331
SFQRMRLSKHA,0.008696044409860701
SFQRMRLSRHA,0.03922242564624107
SFQRMRLSAHA,0.13884345174108223
SFQRIRLSKHA,0.30455969576658515
SFQRIRLSRHA,0.07205475895952035
SFQRIRLSAHA,0.13684863372923037
SFQRMRLSQFA,0.19528186165152336
SFQRIRLSQYA,0.07899505387417675
SFQRMRLSQHS,0.06090302278220809
SFQRMQILQHA,0.06453124615005039
SFQRMQICQHA,0.05094971505282972
SFQRMQITQHA,0.0069764919814866815
SFQRMQQKQHA,0.10382390689272158
SFQRMQQRQHA,0.17572416990396017
SFQRMQQLQHA,0.03064452873847335
SFQRMQQCQHA,0.073824717674038
SFQRMQQTQHA,0.04258508617102882
SFQRMQVKQHA,0.0882785286075409
SFQRMQVRQHA,0.018964803197628752
SFQRMQVLQHA,0.03249092388886485
SFQRMQVCQHA,0.18392302962237042
SFQRMQVTQHA,0.13333725843153038
SFQRIQIKQHA,0.026850738954076567
SFQRIQIRQHA,0.008805569605421289
SFQRIQILQHA,0.0042917052710159335
SFQRIQICQHA,0.0857075644683929
SFQRIQITQHA,0.005945284374823036
SFQRIQQKQHA,0.07699332612576666
SFQRIQQRQHA,0.05840523479531918
SFQRIQQLQHA,0.18930738692317645
SFQRIQQCQHA,0.06814742752214871
SFQRIQQTQHA,0.10000724234349116
SFQRIQVLQHA,0.023405166617180184
SFQRIQVCQHA,0.19888060583359232
SFQRMQISRHA,0.0029284082077392585
SFQRMQISAHA,0.106260604488627
SFQRMQQSKHA,0.07732232662913889
SFQRMQQSRHA,0.42754558237653323
SFQRMQQSAHA,0.04823717607834569
SFQRMQVSKHA,0.22950180646128068
SFQRMQVSRHA,0.1279095173952806
SFQRMQVSAHA,0.07696244801647399
SFQRIQISKHA,0.21602207137392004
SFQRIQISRHA,0.29765180384194734
SFQRIQISAHA,0.20165259364057372
SFQRIQQSKHA,0.01385766514874891
SFQRIQQSRHA,0.15409823900181985
SFQRIQQSAHA,0.2952362149696049
SFQRIQVSKHA,0.09840994080534066
SFQRIQVSRHA,0.33838588840870387
SFQRIQVSAHA,0.20314303743757992
SFQRMQISQFA,0.07167014177940355
SFQRMQISQYA,0.03447878968996458
SFQRMQQSQFA,0.11484812748029867
SFQRMQQSQYA,0.18351352719176806
SFQRMQVSQFA,0.21264253460569232
SFQRMQVSQYA,0.006770851707178146
SFQRIQISQFA,0.08004395054995507
SFQRIQISQYA,0.08618524090083253
SFQRIQQSQFA,0.14955229039512133
SFQRIQQSQYA,0.0006151592421964604
SFQRIQVSQFA,0.058516261537743364
SFQRIQVSQYA,0.2251424555492808
SFQRMQISQHS,0.044739145340024045
SFQRMQQSQHS,0.04573800884920162
SFQRMQVSQHS,0.008210130758157562
SFQRIQISQHS,0.1436488367593469
SFQRIQQSQHS,0.012990621334669323
SFQRIQVSQHS,0.08312619430523424
SFQRMQLKKHA,0.09904122618169894
SFQRMQLKRHA,0.10215568304801763
SFQRMQLKAHA,0.14197596392368794
SFQRMQLRKHA,0.24541577624794988
SFQRMQLRRHA,0.04557355790975914
SFQRMQLRAHA,0.10633941599620839
SFQRMQLLRHA,0.11935100145584658
SFQRMQLLAHA,0.23367093207695858
SFQRMQLCKHA,0.08316492722511955
SFQRMQLCRHA,0.0288201798426861
SFQRMQLTKHA,0.10734973731624195
SFQRMQLTRHA,0.08753361608830296
SFQRMQLTAHA,0.11532996753483075
SFQRIQLKKHA,0.4632133861174759
SFQRIQLKRHA,0.08955567356620966
SFQRIQLKAHA,0.12205355758827958
SFQRIQLRKHA,0.11991300027361637
SFQRIQLRRHA,0.09019738162554884
SFQRIQLRAHA,0.022121354865015482
SFQRIQLLKHA,0.3285107743995363
SFQRIQLLAHA,0.3219137677547345
SFQRIQLCKHA,0.1256896286262735
SFQRIQLCRHA,0.2713823725059363
SFQRIQLCAHA,0.27570907253160715
SFQRIQLTKHA,0.013931772883775203
SFQRIQLTRHA,0.18668503291080485
SFQRIQLTAHA,0.060969427566100944
SFQRMQLKQFA,0.063452784503704
SFQRMQLKQYA,0.020856477417932152
SFQRMQLRQFA,0.11361235795352992
SFQRMQLRQYA,0.18645066930047308
SFQRMQLLQFA,0.5770187326062711
SFQRMQLLQYA,0.17113480314347657
SFQRMQLCQYA,0.18718169290576975
SFQRMQLTQFA,0.9736935336811343
SFQRMQLTQYA,0.15200427467287833
SFQRIQLKQFA,0.15647691725329468
SFQRIQLKQYA,0.2742816229641694
SFQRIQLRQFA,0.0745370535451959
SFQRIQLRQYA,0.20337654839307795
SFQRIQLLQFA,0.12084943521734365
SFQRIQLLQYA,0.23618299019072023
SFQRIQLCQFA,0.28687268785856684
SFQRIQLCQYA,0.06871931508672093
SFQRIQLTQFA,0.13931595607754926
SFQRIQLTQYA,0.0324945866261377
SFQRMQLKQHS,0.02437833833410302
SFQRMQLRQHS,0.03670439339956936
SFQRMQLLQHS,0.008166481384865233
SFQRMQLCQHS,0.08549077834055319
SFQRMQLTQHS,0.5689174413339214
SFQRIQLKQHS,0.29187477492694036
SFQRIQLRQHS,0.004652408504840281
SFQRIQLLQHS,0.10083077921151247
SFQRIQLCQHS,0.014794203729336878
SFQRIQLTQHS,0.012141626147737146
SFQRMQLSKFA,0.12020685717545893
SFQRMQLSKYA,0.1446042026239073
SFQRMQLSRFA,0.194875173589571
SFQRMQLSRYA,0.2208229743848642
SFQRMQLSAFA,0.019827229635135953
SFQRMQLSAYA,0.007915518026910942
SFQRIQLSKFA,0.077940824553605
SFQRIQLSKYA,0.2610025570168785
SFQRIQLSRFA,0.06845063451749869
SFQRIQLSRYA,0.3515441201008656
SFQRIQLSAFA,6.184706539128732e-05
SFQRIQLSAYA,0.09282500105427001
SFQRMQLSKHS,0.08436080392682091
SFQRMQLSRHS,0.09360532874989533
SFQRMQLSAHS,0.38653970803657955
SFQRIQLSKHS,0.15543653301064791
SFQRIQLSRHS,0.11657442026603855
SFQRIQLSAHS,0.0746911635047251
SFQRMQLSQFS,0.04742376098951382
SFQRMQLSQYS,0.017906636281142495
SFQRIQLSQFS,0.0581469187299493
SFQRIQLSQYS,0.000519863773947672
SFQRARIKQHA,0.06675300964653726
SFQRARIRQHA,0.409011778447819
SFQRARILQHA,0.04403232697355878
SFQRARICQHA,0.5737904789668506
SFQRARITQHA,0.17338723294810016
SFQRARQKQHA,0.5100684627913165
SFQRARQRQHA,0.006629213822900653
SFQRARQLQHA,0.051173942812436105
SFQRARQCQHA,0.24276236628857434
SFQRARQTQHA,0.03160531161542508
SFQRARVKQHA,0.00742695749848833
SFQRARVRQHA,0.2919308701232682
SFQRARVLQHA,0.31249315701161823
SFQRARVCQHA,0.10219352660072005
SFQRARVTQHA,0.06035090019748535
SFQRARISKHA,0.12385682828846013
SFQRARISRHA,0.198990079731395
SFQRARISAHA,0.00041190038065315286
SFQRARQSKHA,0.013085830992167233
SFQRARQSRHA,0.26708877842861023
SFQRARQSAHA,0.06587531213338917
SFQRARVSKHA,0.030617159965035102
SFQRARVSRHA,0.41499463480981513
SFQRARVSAHA,0.34056237185905713
SFQRARISQFA,0.10329102147338538
SFQRARISQYA,0.5020853679023225
SFQRARQSQFA,0.3369792192748641
SFQRARQSQYA,0.4005169922752734
SFQRARVSQFA,0.006625189343879719
SFQRARVSQYA,0.24463175641993995
SFQRARISQHS,0.056326522356324606
SFQRARVSQHS,0.015970883060509075
SFQRARLKKHA,0.38347114449771136
SFQRARLKRHA,0.35776558907872374
SFQRARLKAHA,0.033480013512870964
SFQRARLRKHA,0.15463777455124736
SFQRARLRRHA,0.1392547363799302
SFQRARLRAHA,0.058126460779154066
SFQRARLLKHA,0.13420991491535555
SFQRARLLRHA,0.2622724482634027
SFQRARLLAHA,0.19088160401647966
SFQRARLCKHA,0.017619595710692246
SFQRARLCRHA,0.11765591663273683
SFQRARLCAHA,0.10909126152943636
SFQRARLTKHA,0.15620179757623207
SFQRARLTRHA,0.17073887545200814
SFQRARLTAHA,0.038490610868495014
SFQRARLKQFA,0.09949902733702304
SFQRARLKQYA,0.1181089453616822
SFQRARLRQFA,0.10611527527956156
SFQRARLRQYA,0.5894346520427864
SFQRARLLQFA,0.4872597352936625
SFQRARLLQYA,0.2550626041965011
SFQRARLCQFA,0.27529802891468
SFQRARLCQYA,0.19492888365006095
SFQRARLTQFA,0.0842889899844007
SFQRARLKQHS,0.1203598894371279
SFQRARLRQHS,0.3134069088547364
SFQRARLLQHS,0.16662067034211392
SFQRARLCQHS,0.5513984698136095
SFQRARLTQHS,0.009601946913795092
SFQRARLSKFA,0.14138227125299052
SFQRARLSKYA,0.10262950519257895
SFQRARLSRFA,0.10226995724093396
SFQRARLSAFA,0.1469102362591718
SFQRARLSAYA,0.06611741058334716
SFQRARLSRHS,0.04197431318882006
SFQRARLSAHS,0.04800772067501648
SFQRARLSQFS,0.1460534911523465
SFQRARLSQYS,0.4847767199112062
SFQRAQIKKHA,0.08723118773932813
SFQRAQIKRHA,0.0353493739272486
SFQRAQIKAHA,0.0029762262460553556
SFQRAQIRRHA,0.043561367158467416
SFQRAQIRAHA,0.17590710458638312
SFQRAQILKHA,0.17088336609043908
SFQRAQILRHA,0.1922047609623156
SFQRAQILAHA,0.0522119616587441
SFQRAQICKHA,0.16354453300325045
SFQRAQICRHA,0.019319609068383592
SFQRAQICAHA,0.05904090437231912
SFQRAQITKHA,0.1700824269277812
SFQRAQITRHA,0.012544629520637028
SFQRAQITAHA,0.003385313237927446
SFQRAQQKKHA,0.08859061057579849
SFQRAQQKRHA,0.16426006208704613
SFQRAQQKAHA,0.010601452951959923
SFQRAQQRKHA,0.5128008719722259
SFQRAQQRRHA,0.003113279809928845
SFQRAQQRAHA,0.05827946605468292
SFQRAQQLKHA,0.2787998808292971
SFQRAQQLRHA,0.23679537652375243
SFQRAQQLAHA,0.20052335529864634
SFQRAQQCKHA,0.00044682229337102743
SFQRAQQCRHA,0.07245653848621093
SFQRAQQCAHA,0.34206023257856494
SFQRAQQTKHA,0.005712945578574197
SFQRAQQTRHA,0.01568089157720501
SFQRAQQTAHA,0.0394095510820317
SFQRAQVKKHA,0.5016376451693996
SFQRAQVKRHA,0.15730922746508838
SFQRAQVKAHA,0.12740606627984583
SFQRAQVRKHA,0.36748678505716686
SFQRAQVRRHA,0.2974838104520579
SFQRAQVRAHA,0.021948952211096204
SFQRAQVLKHA,0.4238129596523973
SFQRAQVLRHA,0.05598813717506456
SFQRAQVLAHA,0.04805997772976869
SFQRAQVCKHA,0.4784630555915283
SFQRAQVCRHA,0.016192563412653956
SFQRAQVCAHA,0.00953225767066696
SFQRAQVTKHA,0.10981495206247326
SFQRAQVTRHA,0.0007377393629899697
SFQRAQVTAHA,0.24193670061366793
SFQRAQIKQFA,0.15187050393058646
SFQRAQIKQYA,0.017684117210738606
SFQRAQIRQFA,0.10984119424474532
SFQRAQIRQYA,0.01337561865339289
SFQRAQILQFA,0.0007447424098950676
SFQRAQILQYA,0.029877142014638043
SFQRAQICQFA,0.09694041145938957
SFQRAQICQYA,0.027436754504337867
SFQRAQITQFA,0.1932608825998328
SFQRAQITQYA,0.007791453762507684
SFQRAQQKQFA,0.07655908335218824
SFQRAQQKQYA,0.11826455480203406
SFQRAQQRQFA,0.14017633600976373
SFQRAQQRQYA,0.07276435150845134
SFQRAQQLQFA,0.3397952369715093
SFQRAQQLQYA,0.06399171367039105
SFQRAQQCQFA,0.2595756267047094
SFQRAQQCQYA,0.0429611520675689
SFQRAQQTQFA,0.10171324205784024
SFQRAQQTQYA,0.09668726764669969
SFQRAQVKQFA,0.04433642556853024
SFQRAQVKQYA,0.06568068638160339
SFQRAQVRQFA,0.07521986664235683
SFQRAQVRQYA,0.0003052843209182408
SFQRAQVLQFA,0.17929653339522247
SFQRAQVLQYA,0.24555157257892793
SFQRAQVCQFA,0.5300284312335956
SFQRAQVCQYA,0.6741758710559855
SFQRAQVTQFA,0.628034691148491
SFQRAQVTQYA,0.35749404172607463
SFQRAQIKQHS,0.07217140805112778
SFQRAQIRQHS,0.11723422717471478
SFQRAQILQHS,0.10210761711148418
SFQRAQICQHS,0.014096125761563685
SFQRAQITQHS,0.09064662408526035
SFQRAQQKQHS,0.05907794828167031
SFQRAQQRQHS,0.07524052018969575
SFQRAQQLQHS,0.1154071123061367
SFQRAQQCQHS,0.008508067470301436
SFQRAQQTQHS,0.14146715189882716
SFQRAQVKQHS,0.06777761147859293
SFQRAQVRQHS,0.008173175567773158
SFQRAQVLQHS,0.12381976764051003
SFQRAQVCQHS,0.015238082227803165
SFQRAQVTQHS,0.0005374103230572862
SFQRAQISKFA,0.22956319922654542
SFQRAQISKYA,0.06198888627480976
SFQRAQISAFA,0.054222403124539034
SFQRAQISAYA,0.00046777761351252003
SFQRAQQSKFA,0.20741647264755222
SFQRAQQSKYA,0.34606728090267014
SFQRAQQSRFA,0.09730819446561811
SFQRAQQSRYA,0.009171355797202688
SFQRAQQSAFA,0.14223293950727575
SFQRAQQSAYA,0.03080805311427115
SFQRAQVSKYA,0.19646682454703754
SFQRAQISRHS,0.049162771409019784
SFQRAQVSKHS,0.017946415158949923
SFQRAQISQFS,0.850823465638231
SFQRAQISQYS,0.017731054616695954
SFQRAQVSQYS,0.01204610438382387
SFQRAQLKRYA,0.19484330715170675
SFQRAQLRKFA,0.3463508387596829
SFQRAQLRKYA,0.02002998913428549
SFQRAQLRAFA,0.0653062709834958
SFQRAQLRAYA,0.11996954206966023
SFQRAQLLRYA,0.10595980251587692
SFQRAQLCKFA,0.020092877264164463
SFQRAQLCAFA,0.25457425851402204
SFQRAQLCAYA,0.02472735600870723
SFQRAQLTKYA,0.45387042497376856
SFQRAQLTAYA,0.3633971493010257
SFQRAQLRKHS,0.13166976575427228
SFQRAQLRRHS,0.21699664755429218
SFQRAQLLKHS,0.16555396315787863
SFQRAQLLRHS,0.06803324824016299
SFQRAQLCKHS,0.2161543398638717
SFQRAQLTKHS,0.068945097133107
SFQRAQLTRHS,0.1959686466083701
SFQRAQLKQYS,0.25645445873168937
SFQRAQLRQYS,0.028458840976056922
SFQRAQLLQFS,0.20350764060672782
SFQRAQLLQYS,0.06919173395044032
SFQRAQLCQYS,0.06068324878030993
SFQRAQLSRYS,0.04163552205102177
SFQRAQLSAYS,0.09240488842869586
SFGCIQLTQHA,0.04655070653561304
SFNPIQLTQHA,0.22474644519672982
SFGHAQQTQHA,0.04717570537133277
SWQHIQLTQHA,0.41174360085423173
SQQAMQLTQHA,0.030750235009369613
SFNAIQLTQHA,0.14407092597838256
SQQRMQQTQHA,0.049674351036100864
SWQAIQLTQHA,0.07300805282125726
SQQCMQLTQHA,0.18321279968475904
SFNRMQQTQHA,0.11661063745032595
SQNRMQLTQHA,0.12348439863392029
SWQPMQLTQHA,0.30776597318685445
SFNPIQLRQHA,0.24365727214436267
SQNRMQLRQHA,0.37046377312811585
SFNCIQLRQHA,0.030718281022579806
SQQRMQQRQHA,0.3610739497835719
SWQAIQLRQHA,0.49656801492935015
SFGQIQLRQHA,0.3806547985203843
SFNQIQLRQHA,0.1405614714974041
SQQRMQIRQHA,0.2662322192005773
SFGLIQLRQHA,0.03323135529844521
SQGRMQLRQHA,0.056283065683367085
SQQAMQLRQHA,0.31339938662315836
SQQPMQLRQHA,0.06409540762654023
SFGQMQLRQHA,0.09701977968056291
SWQPIQLRQHA,0.05336956929936217
SQQCMQLRQHA,0.6425808789359209
SQQRMQVRQHA,0.009504109475632358
SWNRIQLRQHA,0.16192312787481664
SFGHIQLRQHA,0.005892745544025363
SFNRMQQRQHA,0.11727739182856033
SFNTIQLLQHA,0.03834161610719156
SQQCIQLLQHA,0.08950059892373387
SFGTIQLLQHA,0.053665301386239754
SFNPIQLLQHA,0.08446805640149382
SQQQMQLLQHA,0.5678597280068793
SFNQIQLLQHA,0.04193449045240706
SQQRMQILQHA,0.13515791996266835
SQQRMQVLQHA,0.03354326283101352
SQQPMQLLQHA,0.08403696372731623
SQQTMQLLQHA,0.06451464802276215
SQQRMRLLQHA,0.18382069597552952
SQQRMQQLQHA,0.09301797174581523
SQNRMQLLQHA,0.23261320900324578
SQQAMQLLQHA,0.16445679219480866
SQQLMQLLQHA,0.03207996599051407
SQQCMQLLQHA,0.09309482546350022
SFGRIQIKQHA,0.21533688857118316
SFGCIQLKQHA,0.013379482690879144
SFGAIQLKQHA,0.0011722606106974154
SFQAIQQKQHA,0.018102420402198366
SFNLIQLKQHA,0.05195665918498695
SFNRIQQKQHA,0.1488028786801606
SFQHIQIKQHA,0.15490096093438768
SFQPIQQKQHA,0.36906504343826285
SQQRMQVKQHA,0.0431847282207647
SFGRMQQKQHA,0.14386614191130964
SFQPIQIKQHA,0.5866564090872342
SFNAIQLKQHA,0.05416972112077476
SQQRMQQKQHA,0.3871636085998624
SQQAMQLKQHA,0.15385017611705915
SFGLIQLKQHA,0.013700075313712246
SFQAIQIKQHA,0.057941018354714074
SQQPMQLKQHA,0.05747804976281031
SFNRIQQCQHA,0.4131223825833606
SWQQIQLCQHA,0.2985594816485419
SFQAIQICQHA,0.3904992808537602
SFNTIQLCQHA,0.4384809151109509
SFQPIQVCQHA,0.06275418127899161
SFNAIQLCQHA,0.004602027196476264
SQGRMQLCQHA,0.46605851653964936
SWQTIQLCQHA,0.03606919753244917
SWQHIQLCQHA,0.06522010588187135
SFNRIQICQHA,0.1922536301762556
SFGAIQLCQHA,0.010362038105752102
SFGHIQLCQHA,0.14795719636672433
SWQAIQLCQHA,0.192085373018318
SQQCMQLCQHA,0.006894791510911554
SFNHIQLCQHA,0.010138019384880315
SFNLIQLSRHA,0.22154451430550084
SFNRMQISRHA,0.08035258551424464
SFGRIQLTRHA,0.044508866048938674
SFQAIQLCRHA,0.22738892848012474
SWGRIQLSRHA,0.20727532949020028
SFNRIQISRHA,0.0502164372411069
SFNRIQLTRHA,0.061578369797832516
SFNRIQLCRHA,0.014576252151739954
SFQPIQLTRHA,0.06761475193423076
SFNTIQLSRHA,0.08704256169602297
SFQHIQLTRHA,0.09215385315835606
SQQRMQISRHA,0.5161067451954321
SFNPIQLSRHA,0.18653050310016753
SFNAIQLSRHA,0.0735635588543782
SFNHIQLSRHA,0.044083383290852825
SFGAIQLSRHA,0.24471010094367485
SFGHMQLSRHA,0.23322910347315642
SQQHMQLSRHA,0.061998162704623154
SFGQIQLSRHA,0.16692360677139328
SFGQMQLSRHA,0.5074803445501769
SQQRMQQSRHA,0.040433342411673526
SFGHIQLSRHA,0.17020609086887345
SFGLIQLSRHA,0.0785710733853672
SQQRMQLCRHA,0.08454174080458317
SWQQIQLSRHA,0.14147829313591642
SQQTMQLSRHA,0.4877749090263668
SQQPMQLSRHA,0.009343098975005652
SFQPIQLKRHA,0.17770739386617315
SQQAMQLSRHA,0.04767767167591221
SWQAIQLSRHA,0.017720939548171395
SFGRMQQSRHA,0.12134727509343356
SFGPIQLSRHA,0.14472273367806773
SFGRIQLKRHA,0.10860148624772371
SWQTIQLSRHA,0.06172305793760324
SFNRMQQSRHA,0.018870941790152557
SFGRIQLRRHA,0.2759679765517995
SWQPIQLSRHA,0.08180148311782433
SQQCMQLSRHA,0.011220562204606965
SQQRMQLLRHA,0.02936578136206146
SWQLIQLSRHA,0.21230618751608316
SQQQMQLSKHA,0.040768966890904944
SQNRMQLSKHA,0.01701974643575939
SQQAMQLSKHA,0.0390418828446958
SFGRIQLKAHA,0.06895929714280648
SWQPIQLSAHA,0.026797476854364115
SWNRIQLSAHA,0.04118248828571113
SFNRMQVSAHA,0.1767765349257243
SFNRIQLRAHA,0.10423145007669847
SQQRMQQSAHA,0.10383051853546801
SWQHIQLSAHA,0.21501485519579808
SWQTIQLSAHA,0.03621632263604285
SFNRMQISAHA,0.1818463068380458
SQQRMQLRAHA,0.12202271215653006
SFGHIQLSAHA,0.12468887543007841
SFGRMQLRAHA,0.06597951634921592
SWQAIQLSAHA,0.039558205937807366
SFNRMQQSAHA,0.33587451053070466
SQNRMQLSAHA,0.033454342110262304
SFNRMQLTAHA,0.2336664919598169
SQQRMQLCAHA,0.046316882173421024
SQQCMQLSAHA,0.2274237973070335
SQQRMQLLAHA,0.3830860087121425
SFGAIRLSQHA,0.679273170008151
SFGAIQVSQHA,0.27125256172682216
SQQLMQVSQHA,0.005134459668225788
SQQCMQVSQHA,0.0324923694724218
SQQAMQQSQHA,0.10935512162642129
SFNCIQQSQHA,0.09968040586209763
SWNRIQISQHA,0.13641201271068584
SFNCIQISQHA,0.03220425691011145
SQQCMQISQHA,0.06396568901658926
SQNRMQISQHA,0.49305681450621475
SFGCIQISQHA,0.03547428102952606
SQQLMQISQHA,0.011357793948062906
SFGTIQISQHA,0.06122465911526455
SWQHIQISQHA,0.03834435316818472
SWQAIQISQHA,0.02857324554249386
SWQTIQISQHA,0.1879521790836387
SQQPMQISQHA,0.1766743560356974
SWQLIQISQHA,0.32919727129264315
SWQCMQISQHA,0.10232367595034476
SQQCMQLSQYA,0.02419726622316274
SQGRMQLSQYA,0.4631825884275113
SQNRMQLSQYA,0.3989936155098262
SQQAMQLSQFA,0.15323186184935617
SQQCMQLSQFA,0.31026575942449464
SQNTMQLSQHA,0.3986384820629565
SQGQMQLSQHA,0.26523936604512954
SQNPMQLSQHA,0.04590711706969449
SQNHMQLSQHA,0.21230151747662301
SQNAMQLSQHA,0.19920388852281276
SQNCMQLSQHA,0.2603761482068945
SQGHMQLSQHA,0.14961430297798098
SQNLMQLSQHA,0.13731465743239898
SWNHIQLSQHA,0.7126522425480691
SWNPIQLSQHA,0.4062990137266526
SWGAIQLSQHA,0.11084507498833163
SWNAIQLSQHA,0.04355652106981186
SWNCIQLSQHA,0.01683767474930747
SWNHIQISQHA,0.13037776461501466
SWNAIQISQHA,0.128688776562349
SWGAIQQSQHA,0.14342226147491155
SQNRMQLRAHA,0.059229108612958645
SQQHMQLLAHA,0.1430156181249683
SQGRMQLLAHA,0.2156919309961321
SQQRMQVLAHA,0.4922440838499514
SQQPMQLLAHA,0.0018833541352214827
SQQTMQLLAHA,0.03414618808540987
SQNRMQLLAHA,0.05292232304134674
SQNRMQLKAHA,0.027481606714859053
SWNRIQLCAHA,0.1441668811625095
SFGHIRLSAHA,0.07844909961577097
SFGAIQQSAHA,0.14987969094778322
SFGAIQISAHA,0.182937920393232
SQNLMQLSAHA,0.184352410344721
SWNHIQLSAHA,0.21244806347515832
SWNQIQLSAHA,0.03141053999778022
SWGAIQLSAHA,0.1388202027317258
SQNAMQLSKHA,0.17456997460374066
SQNHMQLSKHA,0.076147901532336
SQNPMQLSKHA,0.02032025297486331
SFGHIQLTRHA,0.017239834788504636
SWNRIQLTRHA,0.12374126777379209
SQQQMQLTRHA,0.43561013200501775
SQQCMQLTRHA,0.47466834066389113
SFGLIQLTRHA,0.07656610037039441
SWNRIQLRRHA,0.07241425655037234
SQNRMQLRRHA,0.05833439414534257
SFGAIQLRRHA,0.05824818325881007
SFGLIQLRRHA,0.013658610203522131
SFGHIQLRRHA,0.42205210525633585
SFGPIQLRRHA,0.2887609877268127
SFGPIQLLRHA,0.02593313137421064
SFGHIQLLRHA,0.06139004299045195
SQQQMQLLRHA,0.14075797593816677
SQNRMQLLRHA,0.10138197026767688
SQQTMQLLRHA,0.24593135595838156
SFGLIQLLRHA,0.09669615932218381
SQQPMQLLRHA,0.28583775605150946
SQQAMQLLRHA,0.130163573530876
SQQCMQLLRHA,0.04715594271328705
SFGHIQLKRHA,0.07838694414799276
SFNPIQLKRHA,0.1591865228643826
SFGHIQLCRHA,0.0060769715560253365
SFGTIQLCRHA,0.0033828428534619036
SQNRMQLCRHA,0.006191437888364319
SFGCIQLCRHA,0.256579280149974
SWNRIQLCRHA,0.03463983446836067
SQQLIQLCRHA,0.1582091896017538
SFGLIQLCRHA,0.19355217338261121
SFGHIRLSRHA,0.2628586769777076
SFNAIQVSRHA,0.3625289009401838
SFGTIQVSRHA,0.3961159302578111
SQNRMQVSRHA,0.19000508876818328
SWNRIQVSRHA,0.001124003129936482
SFGAIQVSRHA,0.1312006435544153
SFGPIQVSRHA,0.41157496083846007
SFGLIQVSRHA,0.5556130399969722
SFGHIQVSRHA,0.007864803655585593
SFGAIQQSRHA,0.15980327935560326
SFGHIQQSRHA,0.11947130367937145
SFNAIQQSRHA,0.14367012541743684
SWGRIQQSRHA,0.02693762155493651
SWNRIQQSRHA,0.046060823825698906
SFGLIQQSRHA,0.22388125063572412
SFNHIQISRHA,0.0305681519561565
SQQQMQISRHA,0.16259498990627896
SQNRMQISRHA,0.22325957587348413
SQQAMQISRHA,0.12440184858468491
SFNAIQISRHA,0.4622366119088232
SFGAIQISRHA,0.4428951473038102
SFGHIQISRHA,0.04031585288037678
SFGTIQISRHA,0.17121326279509497
SFGLIQISRHA,0.21462984951172792
SFGPIQISRHA,0.17370536258456493
SQNTMQLSRHA,0.3918035796139922
SQGAMQLSRHA,0.14070451265267309
SQNQMQLSRHA,0.00815450570663154
SQGCMQLSRHA,0.07016191232526982
SQNHMQLSRHA,0.0320071456730769
SQNAMQLSRHA,0.00485288914998376
SQGQMQLSRHA,0.0875607545840891
SQNCMQLSRHA,0.010213774988350757
SQGLMQLSRHA,0.04331207049178538
SQNLMQLSRHA,0.21768175673418458
SWGPIQLSRHA,0.5255308053360115
SWNPIQLSRHA,0.22160639358578704
SWGHIQLSRHA,0.6523395716552087
SWNQIQLSRHA,0.20298707730449475
SWGAIQLSRHA,0.16479578053939842
SWGQIQLSRHA,0.036536952404106475
SWNAIQLSRHA,0.2304456444584332
SWGLIQLSRHA,0.04981271467525395
SFGHIQVCQHA,0.6352099480071648
SFGQIQQCQHA,0.0008500390085311044
SFGHIQQCQHA,0.17014031758035802
SFNTIQQCQHA,0.057750107838729026
SQNRMQQCQHA,0.02650716816461054
SFGHIQICQHA,0.0973742403806828
SFGPIQICQHA,0.444718615079032
SQNAMQLCQHA,0.13861520908385022
SQNLIQLCQHA,0.28280384767969685
SQNRMQQKQHA,0.07700080597687366
SFNHIQIKQHA,0.0535446000300425
SQNQMQLKQHA,0.17184502590887643
SQGQMQLKQHA,0.5776913232893206
SQNPMQLKQHA,0.2635067196446526
SQQPMQVLQHA,0.060085641875968945
SQQHMQVLQHA,0.062091560975688666
SQQAMQVLQHA,0.13329263218043266
SQNRMQVLQHA,0.20003253663711754
SQQAMQQLQHA,0.026680518271802237
SQQHMQQLQHA,0.050679586958396236
SQQTMQQLQHA,0.08964674227494755
SQNRMQQLQHA,0.36519773626309293
SQGRMQQLQHA,0.4083547874085188
SFGPIQILQHA,0.32558340804086433
SQNRMQILQHA,0.7528432407013124
SQNHMQLLQHA,0.08429105614757267
SQGTMQLLQHA,0.05136731218505514
SQNTMQLLQHA,0.3569752557511337
SQGQMQLLQHA,0.15766578220188063
SQNQMQLLQHA,0.05376072134656329
SQNPMQLLQHA,0.035545252615176506
SQNCMQLLQHA,0.09726828175427872
SQNAMQLLQHA,0.20095304162427272
SQGAMQLLQHA,0.056502418832317096
SWNHIQLLQHA,0.27634221459670616
SQNLIQLLQHA,0.35639076086370014
SQNRMQVRQHA,0.25820736712725384
SFNPIQQRQHA,0.05724483094750856
SFNHIQQRQHA,0.2719304867640074
SQNRMQQRQHA,0.09447085257316955
SQNTMQLRQHA,0.011845074227663349
SQNQMQLRQHA,0.5550022581062072
SQNCMQLRQHA,0.06100854882343732
SWNQIQLRQHA,0.1505160240546571
SWNTIQLRQHA,0.0836472169334062
SWNHIQLRQHA,0.16433043964997157
SFGAIQQTQHA,0.03244776041097112
SFNAIQITQHA,0.03952323251797864
SFGHIQITQHA,0.19145385785224575
SQNAMQLTQHA,0.1112622888363424
SQNLMQLTQHA,0.003824909550229159
SWNPIQLTQHA,0.009926769112468144
SQGPMQLLQHS,0.5396382176280845
SQNPMQLLQHS,0.021282270624337688
SQNAMQLLQHS,0.06749164444930068
SQGAMQLLQHS,0.16023898003315137
SQGLMQLLQHS,0.12766330929772277
SQGAMQLRQHS,0.06696779969474528
SQNAMQLRQHS,0.16252718883763748
SQNLIQLSRFA,0.07008689219386671
SQNAIQLSRYA,0.07368336377174216
SQNPIQLSRYA,0.005941341054897107
SFGHIRISAHA,0.030521456383026883
SWGLIQQSAHA,0.218953393459499
SFGHIRVSAHA,0.45958466808799925
SQGLIRLSAHA,0.13775310248291756
SQNRMQQCAHA,0.32341678222452125
SQNPMQLCAHA,0.06918337936920765
SQNAMQLCAHA,0.19377439005832367
SQNCMQLCAHA,0.10944674057878084
SQNRMQQKAHA,0.1284530318150228
SQGRMQVLAHA,0.12460874507096818
SQNRMQVLAHA,0.07739400996564466
SQGRMQQLAHA,0.09453293912099434
SQNRMQQLAHA,0.0182538345578649
SQNRMQILAHA,0.2671143252147283
SQGTMQLLAHA,0.05019147182634968
SQNHMQLLAHA,0.6297117914182316
SQGHMQLLAHA,0.7121570847591335
SQGPMQLLAHA,0.008061263835431124
SQNPMQLLAHA,0.04895729900510342
SQNTMQLLAHA,0.39401000215086385
SQGAMQLLAHA,0.06998400338422343
SQNAMQLLAHA,0.025717775063087978
SQNCMQLLAHA,0.07587611373821171
SQNLMQLLAHA,0.250580834680688
SQNRIRLRAHA,0.03244014128280844
SFGHIQVRAHA,0.008225597903689841
SFGPIQVRAHA,0.05202789152917658
SFGHIQQRAHA,0.07449365104617109
SFGPIQQRAHA,0.04139444209618898
SQNRMQQRAHA,0.010281602761521872
SFGAIQIRAHA,0.06396500028510067
SFNHIQIRAHA,0.2134878601959923
SFGHIQIRAHA,0.1492503778418441
SFGPIQIRAHA,0.1496522902132126
SQNQMQLRAHA,0.2125413397850069
SQGQMQLRAHA,0.42202459945703796
SQNPMQLRAHA,0.38895666372706056
SQNHMQLRAHA,0.12982943963736596
SQNTMQLRAHA,0.1778082764406122
SQGLMQLRAHA,0.21324855313230237
SWNLIQLRAHA,0.09503960033742105
SFGHIQVTAHA,0.011460958819950007
SFGHIQITAHA,0.03998308091865758
SFNHIQITAHA,0.49451211193233996
SFNAIQITAHA,0.03582523560994208
SFGAIQITAHA,0.5433166082300874
SFGLIRISRHA,0.21519058144696665
SFNHIRISRHA,0.038177034302297984
SFGPIRISRHA,0.02648120326958374
SFGHIRISRHA,0.054900443337189415
SFGQIRISRHA,0.16422116880082996
SQGQMQISRHA,0.3772405182986878
SQNLMQISRHA,0.0017088792016645394
SQGLMQISRHA,0.13302629655990247
SWNHIQISRHA,0.13248829775693574
SQGLIQISRHA,0.14185315306071947
SQNLIQISRHA,0.3810302356810965
SWGAIQISRHA,0.0021366385878994073
SFNHIRQSRHA,0.07595819539800036
SQGAMQQSRHA,0.24431149643250455
SQNPMQQSRHA,0.25008577347489475
SWGTIQQSRHA,0.2185009570115224
SWGHIQQSRHA,0.17706207845883007
SWNHIQQSRHA,0.2158898178916992
SQNLIQQSRHA,0.11466474957032041
SWNTIQQSRHA,0.12209369071662572
SWGAIQQSRHA,0.002985626046807732
SQGLIQQSRHA,0.02970220586947358
SWGLIQQSRHA,0.03345124588843367
SWNLIQQSRHA,0.18432599254572613
SFNHIRVSRHA,0.04381248776016091
SQNAMQVSRHA,0.05575309392223198
SQGLMQVSRHA,0.20703121435961813
SWGHIQVSRHA,0.015167469427322368
SQGLIQVSRHA,0.026192221637560367
SWGQIQVSRHA,0.04666581921162611
SWGLIQVSRHA,0.261649431620782
SQNHMRLSRHA,0.07210820881147154
SQNQMRLSRHA,0.26103181743992776
SQNPMRLSRHA,0.6249886076817112
SQNLIRLSRHA,0.016622255894783982
SQNHIRLSRHA,0.18848486495440506
SQNPIRLSRHA,0.09924151855477212
SQGLIRLSRHA,8.87092830151087e-05
SQNRIRLCRHA,0.04784765329025177
SQGRIRLCRHA,0.22318674757770374
SFGHIQVCRHA,0.29227800968779477
SFGPIQVCRHA,0.25890229093577494
SFGLIQVCRHA,0.20062380198971003
SFNLIQQCRHA,0.20834467512774615
SFNAIQQCRHA,0.05477127565235322
SQNRMQQCRHA,0.05985249144107807
SFNPIQQCRHA,0.2288592736687534
SQQAIQICRHA,0.03477341358385282
SFNHIQICRHA,0.12343773527008124
SFGTIQICRHA,0.07737577658814199
SFNPIQICRHA,0.414144216536106
SFGHIQICRHA,0.1923510314547263
SFGCIQICRHA,0.04220212590620151
SFGQIQICRHA,0.4604628549872388
SQNAMQLCRHA,0.07953257397090109
SQGHIQLCRHA,0.38275047338971296
SQNHIQLCRHA,0.1264832504744672
SQNAIQLCRHA,0.008867572501532998
SWGPIQLCRHA,0.06289451639780488
SQNCIQLCRHA,0.00648029591375763
SQNLIQLCRHA,0.178275988628513
SQGCIQLCRHA,0.030752259037788263
SWNQIQLCRHA,0.05197127079529625
SFNPIQVKRHA,0.12905039590772963
SFNHIQVKRHA,0.051367524454316645
SFGHIQVKRHA,0.055719690846485176
SFGPIQVKRHA,0.0012375214308523975
SFNHIQQKRHA,0.012693396540823835
SFGLIQQKRHA,0.011760444165675453
SFGHIQQKRHA,0.2698560455742831
SFGPIQQKRHA,0.07788612124814336
SFNHIQIKRHA,0.12304164014474403
SQNRMQIKRHA,0.012250235830915777
SFGQIQIKRHA,0.029359691129300487
SFGHIQIKRHA,0.14018935884839526
SFGAIQIKRHA,0.1516311562864872
SQGQMQLKRHA,0.0016141369409213534
SQGCMQLKRHA,0.1429466375026945
SQGLMQLKRHA,0.4333125764676677
SWGTIQLKRHA,0.3129902276449318
SWGPIQLKRHA,0.09581594532858757
SQGCIQLKRHA,0.007798454504363288
SWGQIQLKRHA,0.027191779814334446
SWGHIQLKRHA,0.7266892496321375
SQGAIQLKRHA,0.2098914136503193
SWNLIQLKRHA,0.13280926996775153
SQNCIQLKRHA,0.022831560322785268
SQGTIQLKRHA,0.014975659633138436
SQGPIQLKRHA,0.014359360452820746
SQGHIQLKRHA,0.27948652622513936
SFGQIQVLRHA,0.019481581419868256
SFGHIQVLRHA,0.3258327490286579
SQNRMQVLRHA,0.04831299920334612
SQQQMQVLRHA,0.08098307938689867
SFGLIQVLRHA,0.17845493781489896
SQNRMQQLRHA,0.0030550519611108155
SFGPIQILRHA,0.021720310377905686
SFGHIQILRHA,0.1182952288657067
SQQAIQILRHA,0.06538903770202367
SFGQIQILRHA,0.06905983349280102
SQNHMQLLRHA,0.0008946631373860453
SQNTMQLLRHA,0.4606227086772395
SQGTMQLLRHA,0.3195382489606433
SQNPMQLLRHA,0.14838416006069913
SQGQMQLLRHA,0.1782701311266665
SQGLMQLLRHA,0.04214031135527328
SQNCMQLLRHA,0.0872032394070352
SQNAMQLLRHA,0.5478108290909094
SQGCMQLLRHA,0.17022402408005083
SQNLMQLLRHA,0.07972628095786767
SQGQIQLLRHA,0.09118425232892961
SQGAIQLLRHA,0.23929502615774856
SQNAIQLLRHA,0.22431551675026487
SQGHIQLLRHA,0.054750873417593146
SQGPIQLLRHA,0.28264720103658125
SQGTIQLLRHA,0.06907453477784645
SQNPIQLLRHA,0.10754088715588361
SQNLIQLLRHA,0.02159338078808457
SQGLIQLLRHA,0.08449522110116488
SQGCIQLLRHA,0.10734239730904462
SFGPIRLRRHA,0.20987381466931612
SFNPIQVRRHA,0.26256931629654856
SFNHIQVRRHA,0.0062189368571231455
SFGLIQVRRHA,0.19648562204015588
SFGHIQVRRHA,0.01494174282408184
SFNLIQQRRHA,0.007336326792847107
SFGHIQQRRHA,0.02024791064322117
SFGAIQQRRHA,0.1735779133893731
SFGPIQQRRHA,0.40091151886998666
SFGLIQQRRHA,0.13613315265352133
SQNRMQQRRHA,0.22813515336379084
SQNRMQIRRHA,0.22545461826730143
SFNAIQIRRHA,0.0229163493761466
SFNHIQIRRHA,0.1384782249843884
SFGTIQIRRHA,0.2728416023053308
SFNPIQIRRHA,0.043804632169157615
SFGPIQIRRHA,0.10338699271444031
SFGHIQIRRHA,0.09192607840873167
SQNHMQLRRHA,0.01514101956446347
SQNQMQLRRHA,0.07861533033938971
SQNAMQLRRHA,0.04856647168568604
SWNHIQLRRHA,0.05450179240586855
SWGHIQLRRHA,0.08607891400760398
SWNTIQLRRHA,0.31220429015278295
SQNLIQLRRHA,0.0011029865469551969
SWGQIQLRRHA,4.5359887322983695e-05
SQGLIQLRRHA,0.13506816862845533
SWGTIQLRRHA,0.03438607902611757
SQGCIQLRRHA,0.16600310371192034
SWNPIQLRRHA,0.07092974631087087
SWGPIQLRRHA,0.09779014592344705
SWNQIQLRRHA,0.49501527474648066
SQNCIQLRRHA,0.36462438145420295
SWNLIQLRRHA,0.09867906104690248
SQNRIRLTRHA,0.04226093760004852
SFGPIQVTRHA,0.2615728980314451
SFNHIQVTRHA,0.5842597358230657
SFGHIQVTRHA,0.2686644847922454
SFGAIQVTRHA,0.2030718234795376
SFNAIQVTRHA,0.38903017490530706
SFNPIQVTRHA,0.01476888281538154
SFGLIQVTRHA,0.4033413991876872
SFGQIQQTRHA,0.03461329965327214
SFNTIQQTRHA,0.016033518641438153
SFNHIQQTRHA,0.08820258475764062
SFNAIQQTRHA,0.49165951293814436
SFGAIQQTRHA,0.0324617528215254
SFGHIQQTRHA,0.13813037108652632
SFGTIQQTRHA,0.11862595124229547
SFGLIQQTRHA,0.28549264059762003
SFNHIQITRHA,0.016667567680373894
SFGAIQITRHA,0.03822825053742221
SFGHIQITRHA,0.17562645394812235
SFNTIQITRHA,0.10066505960691545
SFGPIQITRHA,0.12077845728812991
SFNAIQITRHA,0.5465965618891044
SFGTIQITRHA,0.2192114423018872
SFGQIQITRHA,0.011374168724277286
SFGLIQITRHA,0.02423287931161973
SQNQMQLTRHA,0.289249883946037
SQNAMQLTRHA,0.15460322255582168
SQNLMQLTRHA,0.4868554415857371
SQGLMQLTRHA,0.005304710577817335
SQNCMQLTRHA,0.07116957406150315
SWNQIQLTRHA,0.0028722656358873703
SWGPIQLTRHA,0.16047754176044993
SWGTIQLTRHA,0.08518920063948718
SQNCIQLTRHA,0.5855909905807744
SWGHIQLTRHA,0.028930340947693863
SWGQIQLTRHA,0.12461183549086155
SQNLIQLTRHA,0.025692763211913085
SWNHIQLTRHA,0.005609533489585477
SWNPIQLTRHA,0.10890010281691476
SQGCIQLTRHA,0.05942780552732348
SWGPIQICQHA,0.03540218905864834
SQNLIQICQHA,0.07989843571762703
SWNPIQQCQHA,0.0053554011984571605
SQNHIRLCQHA,0.19298874862707177
SQGLIRLCQHA,0.049836107818553355
SWNPIQIKQHA,0.2302785536028244
SWNPIQVKQHA,0.07942398911055214
SQNTMQILQHA,0.11132378902064166
SQNAMQILQHA,0.2887954983623968
SQNLIQILQHA,0.08459769622840412
SQNTMQQLQHA,0.046297098383087945
SQNPMQQLQHA,0.21848944893913028
SQNAMQQLQHA,0.28243804051500737
SQNHMQVLQHA,0.16317191941788187
SQGPMQVLQHA,0.3358987059363229
SQNPMQVLQHA,0.19908877512959883
SQNAMQVLQHA,0.051230139176582694
SQNTMQVLQHA,0.29457769679098683
SQNCIQVLQHA,0.12042620849213552
SQNAMRLLQHA,0.281275227754736
SQGQMRLLQHA,0.016025849480697366
SQNQMRLLQHA,0.06739347413758696
SQGCMRLLQHA,0.30137143219692786
SQGCMQIRQHA,0.30009561164994275
SWNPIQIRQHA,0.09415408605743103
SQGLMQVRQHA,0.01783707892302406
