,Sequence,Fitness
0,SFQRAQLSQHA,1.0
1,SFQRMQLSQHA,1.5454545454545454
2,SFQRAQLSQFA,1.1818181818181819
3,SFQRAQLSKHA,3.909090909090909
4,SFQRAQLKQHA,1.5454545454545454
5,SFQRAQLSRHA,1.0909090909090908
6,SFQTAQLSQHA,1.3636363636363635
7,SFQQAQLSQHA,2.0
8,SFQRAQLSQYA,2.3636363636363638
9,SFQLAQLSQHA,1.5454545454545454
10,SFQRAQLRQHA,4.181818181818182
11,SFQAAQLSQHA,1.3636363636363635
12,SFQHAQLSQHA,1.4545454545454546
13,SFQRAQLLQHA,2.0
14,WFQRAQLSQHA,1.6363636363636365
15,SAQRAQLSQHA,5.363636363636363
16,SFQRAQISQHA,9.727272727272727
17,SFQRARLSQHA,4.363636363636363
18,SFQRAQLCQHA,2.0
19,SQQRAQLSQHA,3.090909090909091
20,SFNRAQLSQHA,2.090909090909091
21,SFQRAQQSQHA,3.4545454545454546
22,SFQRAQVSQHA,3.5454545454545454
23,SFQCAQLSQHA,25.272727272727273
24,SFGRAQLSQHA,1.4545454545454546
25,SWQRAQLSQHA,2.1818181818181817
26,SFQRAQLTQHA,1.0909090909090908
27,SFQRAQLSQHS,3.3636363636363638
28,SFQRIQLSQHA,1.0
29,SFQRAQLSAHA,4.636363636363637
30,SFQPAQLSQHA,1.0909090909090908
31,WAQRAQLSQHA,6.636363636363637
32,WQQRAQLSQHA,1.4545454545454546
33,WWQRAQLSQHA,5.0
34,WFNRAQLSQHA,2.0
35,WFGRAQLSQHA,1.5454545454545454
36,WFQTAQLSQHA,3.3636363636363638
37,WFQQAQLSQHA,1.9090909090909092
38,WFQLAQLSQHA,1.7272727272727273
39,WFQAAQLSQHA,2.0
40,WFQHAQLSQHA,1.8181818181818181
41,WFQCAQLSQHA,2.6363636363636362
42,WFQPAQLSQHA,1.3636363636363635
43,WFQRMQLSQHA,1.6363636363636365
44,WFQRIQLSQHA,1.3636363636363635
45,WFQRARLSQHA,10.636363636363637
46,WFQRAQISQHA,2.3636363636363638
47,WFQRAQQSQHA,3.4545454545454546
48,WFQRAQVSQHA,2.909090909090909
49,WFQRAQLKQHA,1.2727272727272727
50,WFQRAQLRQHA,1.7272727272727273
51,WFQRAQLLQHA,4.2727272727272725
52,WFQRAQLCQHA,1.1818181818181819
53,WFQRAQLTQHA,7.181818181818182
54,WFQRAQLSKHA,6.454545454545454
55,WFQRAQLSRHA,1.1818181818181819
56,WFQRAQLSAHA,4.181818181818182
57,WFQRAQLSQFA,1.6363636363636365
58,WFQRAQLSQYA,1.5454545454545454
59,WFQRAQLSQHS,5.090909090909091
60,SANRAQLSQHA,8.272727272727273
61,SAGRAQLSQHA,2.909090909090909
62,SQNRAQLSQHA,1.6363636363636365
63,SQGRAQLSQHA,2.4545454545454546
64,SWNRAQLSQHA,1.7272727272727273
65,SWGRAQLSQHA,3.3636363636363638
66,SAQTAQLSQHA,1.6363636363636365
67,SAQQAQLSQHA,1.8181818181818181
68,SAQLAQLSQHA,1.8181818181818181
69,SAQAAQLSQHA,3.5454545454545454
70,SAQHAQLSQHA,1.8181818181818181
71,SAQCAQLSQHA,1.6363636363636365
72,SAQPAQLSQHA,1.2727272727272727
73,SQQTAQLSQHA,2.8181818181818183
74,SQQQAQLSQHA,22.818181818181817
75,SQQLAQLSQHA,3.1818181818181817
76,SQQAAQLSQHA,3.909090909090909
77,SQQHAQLSQHA,3.090909090909091
78,SQQCAQLSQHA,3.727272727272727
79,SQQPAQLSQHA,2.909090909090909
80,SWQTAQLSQHA,1.4545454545454546
81,SWQQAQLSQHA,17.545454545454547
82,SWQLAQLSQHA,96.81818181818181
83,SWQAAQLSQHA,2.090909090909091
84,SWQCAQLSQHA,2.6363636363636362
85,SWQPAQLSQHA,21.363636363636363
86,SAQRMQLSQHA,5.636363636363637
87,SAQRIQLSQHA,4.181818181818182
88,SQQRMQLSQHA,3.0
89,SQQRIQLSQHA,3.090909090909091
90,SWQRMQLSQHA,2.1818181818181817
91,SWQRIQLSQHA,4.818181818181818
92,SAQRARLSQHA,3.090909090909091
93,SQQRARLSQHA,2.909090909090909
94,SWQRARLSQHA,3.4545454545454546
95,SAQRAQISQHA,9.272727272727273
96,SAQRAQQSQHA,1.8181818181818181
97,SAQRAQVSQHA,3.6363636363636362
98,SQQRAQISQHA,9.727272727272727
99,SQQRAQQSQHA,2.090909090909091
100,SQQRAQVSQHA,1.8181818181818181
101,SWQRAQISQHA,10.363636363636363
102,SWQRAQQSQHA,2.3636363636363638
103,SWQRAQVSQHA,4.0
104,SAQRAQLKQHA,8.727272727272727
105,SAQRAQLRQHA,6.636363636363637
106,SAQRAQLLQHA,3.5454545454545454
107,SAQRAQLCQHA,6.363636363636363
108,SAQRAQLTQHA,2.909090909090909
109,SQQRAQLKQHA,2.8181818181818183
110,SQQRAQLRQHA,4.636363636363637
111,SQQRAQLLQHA,2.272727272727273
112,SQQRAQLCQHA,5.7272727272727275
113,SQQRAQLTQHA,6.454545454545454
114,SWQRAQLKQHA,1.6363636363636365
115,SWQRAQLRQHA,4.181818181818182
116,SWQRAQLLQHA,2.3636363636363638
117,SWQRAQLCQHA,3.0
118,SWQRAQLTQHA,1.5454545454545454
119,SAQRAQLSKHA,1.8181818181818181
120,SAQRAQLSRHA,17.272727272727273
121,SAQRAQLSAHA,2.0
122,SQQRAQLSRHA,3.727272727272727
123,SWQRAQLSKHA,1.8181818181818181
124,SWQRAQLSRHA,2.090909090909091
125,SWQRAQLSAHA,2.272727272727273
126,SAQRAQLSQFA,1.2727272727272727
127,SAQRAQLSQYA,1.9090909090909092
128,SQQRAQLSQFA,1.2727272727272727
129,SQQRAQLSQYA,2.8181818181818183
130,SWQRAQLSQFA,1.4545454545454546
131,SWQRAQLSQYA,2.727272727272727
132,SAQRAQLSQHS,58.36363636363637
133,SQQRAQLSQHS,2.0
134,SWQRAQLSQHS,1.6363636363636365
135,SFNTAQLSQHA,1.5454545454545454
136,SFNQAQLSQHA,2.1818181818181817
137,SFNLAQLSQHA,4.090909090909091
138,SFNAAQLSQHA,1.7272727272727273
139,SFNHAQLSQHA,26.545454545454547
140,SFNCAQLSQHA,23.90909090909091
141,SFNPAQLSQHA,2.909090909090909
142,SFGTAQLSQHA,1.5454545454545454
143,SFGQAQLSQHA,2.0
144,SFGLAQLSQHA,1.6363636363636365
145,SFGAAQLSQHA,1.9090909090909092
146,SFGHAQLSQHA,2.0
147,SFGCAQLSQHA,24.181818181818183
148,SFGPAQLSQHA,1.3636363636363635
149,SFNRMQLSQHA,2.0
150,SFNRIQLSQHA,1.4545454545454546
151,SFGRMQLSQHA,2.090909090909091
152,SFGRIQLSQHA,3.4545454545454546
153,SFNRARLSQHA,6.545454545454546
154,SFGRARLSQHA,5.0
155,SFNRAQISQHA,8.727272727272727
156,SFNRAQQSQHA,4.818181818181818
157,SFNRAQVSQHA,2.4545454545454546
158,SFGRAQISQHA,8.727272727272727
159,SFGRAQQSQHA,2.909090909090909
160,SFGRAQVSQHA,2.0
161,SFNRAQLKQHA,2.3636363636363638
162,SFNRAQLRQHA,4.181818181818182
163,SFNRAQLLQHA,2.0
164,SFNRAQLCQHA,1.4545454545454546
165,SFNRAQLTQHA,1.4545454545454546
166,SFGRAQLKQHA,6.090909090909091
167,SFGRAQLRQHA,5.181818181818182
168,SFGRAQLLQHA,1.2727272727272727
169,SFGRAQLCQHA,2.5454545454545454
170,SFGRAQLTQHA,2.0
171,SFNRAQLSKHA,2.1818181818181817
172,SFNRAQLSRHA,1.7272727272727273
173,SFNRAQLSAHA,4.636363636363637
174,SFGRAQLSKHA,2.1818181818181817
175,SFGRAQLSRHA,1.6363636363636365
176,SFGRAQLSAHA,8.363636363636363
177,SFNRAQLSQFA,1.9090909090909092
178,SFNRAQLSQYA,3.4545454545454546
179,SFGRAQLSQFA,19.09090909090909
180,SFGRAQLSQYA,2.4545454545454546
181,SFNRAQLSQHS,2.727272727272727
182,SFGRAQLSQHS,2.909090909090909
183,SFQTMQLSQHA,2.0
184,SFQTIQLSQHA,3.6363636363636362
185,SFQQMQLSQHA,8.727272727272727
186,SFQQIQLSQHA,1.2727272727272727
187,SFQLMQLSQHA,2.5454545454545454
188,SFQLIQLSQHA,3.090909090909091
189,SFQAMQLSQHA,3.3636363636363638
190,SFQAIQLSQHA,2.0
191,SFQHMQLSQHA,1.6363636363636365
192,SFQHIQLSQHA,1.1818181818181819
193,SFQCMQLSQHA,2.272727272727273
194,SFQCIQLSQHA,1.5454545454545454
195,SFQPMQLSQHA,2.1818181818181817
196,SFQPIQLSQHA,3.909090909090909
197,SFQTARLSQHA,1.6363636363636365
198,SFQQARLSQHA,3.1818181818181817
199,SFQLARLSQHA,1.6363636363636365
200,SFQAARLSQHA,2.090909090909091
201,SFQHARLSQHA,1.3636363636363635
202,SFQCARLSQHA,1.5454545454545454
203,SFQPARLSQHA,2.1818181818181817
204,SFQTAQISQHA,10.272727272727273
205,SFQTAQQSQHA,2.727272727272727
206,SFQTAQVSQHA,3.090909090909091
207,SFQQAQISQHA,10.818181818181818
208,SFQQAQQSQHA,2.090909090909091
209,SFQQAQVSQHA,3.090909090909091
210,SFQLAQISQHA,10.0
211,SFQLAQQSQHA,2.5454545454545454
212,SFQLAQVSQHA,3.5454545454545454
213,SFQAAQQSQHA,5.909090909090909
214,SFQAAQVSQHA,3.8181818181818183
215,SFQHAQISQHA,21.454545454545453
216,SFQHAQQSQHA,2.1818181818181817
217,SFQHAQVSQHA,2.4545454545454546
218,SFQCAQISQHA,31.454545454545453
219,SFQCAQQSQHA,25.818181818181817
220,SFQCAQVSQHA,25.363636363636363
221,SFQPAQISQHA,9.454545454545455
222,SFQPAQQSQHA,16.0
223,SFQPAQVSQHA,2.3636363636363638
224,SFQTAQLKQHA,2.727272727272727
225,SFQTAQLRQHA,4.2727272727272725
226,SFQTAQLLQHA,4.454545454545454
227,SFQTAQLCQHA,3.4545454545454546
228,SFQTAQLTQHA,1.8181818181818181
229,SFQQAQLKQHA,2.6363636363636362
230,SFQQAQLRQHA,4.636363636363637
231,SFQQAQLLQHA,1.9090909090909092
232,SFQQAQLCQHA,7.545454545454546
233,SFQQAQLTQHA,3.4545454545454546
234,SFQLAQLKQHA,1.7272727272727273
235,SFQLAQLRQHA,5.0
236,SFQLAQLLQHA,2.272727272727273
237,SFQLAQLCQHA,6.454545454545454
238,SFQLAQLTQHA,1.4545454545454546
239,SFQAAQLKQHA,1.7272727272727273
240,SFQAAQLRQHA,4.636363636363637
241,SFQAAQLLQHA,3.8181818181818183
242,SFQAAQLCQHA,2.3636363636363638
243,SFQAAQLTQHA,1.2727272727272727
244,SFQHAQLKQHA,1.3636363636363635
245,SFQHAQLRQHA,8.727272727272727
246,SFQHAQLLQHA,1.4545454545454546
247,SFQHAQLCQHA,1.4545454545454546
248,SFQHAQLTQHA,2.0
249,SFQCAQLKQHA,23.636363636363637
250,SFQCAQLRQHA,29.636363636363637
251,SFQCAQLLQHA,24.818181818181817
252,SFQCAQLCQHA,23.90909090909091
253,SFQCAQLTQHA,29.363636363636363
254,SFQPAQLKQHA,4.636363636363637
255,SFQPAQLRQHA,4.454545454545454
256,SFQPAQLLQHA,2.4545454545454546
257,SFQPAQLCQHA,3.1818181818181817
258,SFQPAQLTQHA,2.6363636363636362
259,SFQTAQLSKHA,4.181818181818182
260,SFQTAQLSAHA,3.6363636363636362
261,SFQQAQLSKHA,4.090909090909091
262,SFQLAQLSKHA,3.909090909090909
263,SFQLAQLSRHA,1.1818181818181819
264,SFQLAQLSAHA,2.3636363636363638
265,SFQAAQLSKHA,4.2727272727272725
266,SFQAAQLSAHA,2.090909090909091
267,SFQCAQLSKHA,5.545454545454546
268,SFQCAQLSAHA,5.454545454545454
269,SFQPAQLSKHA,4.363636363636363
270,SFQQAQLSQYA,1.2727272727272727
271,SFQAAQLSQFA,1.3636363636363635
272,SFQAAQLSQYA,1.5454545454545454
273,SFQCAQLSQYA,3.1818181818181817
274,SFQPAQLSQFA,1.6363636363636365
275,SFQPAQLSQYA,1.4545454545454546
276,SFQTAQLSQHS,5.181818181818182
277,SFQQAQLSQHS,2.5454545454545454
278,SFQLAQLSQHS,2.090909090909091
279,SFQAAQLSQHS,4.2727272727272725
280,SFQHAQLSQHS,2.4545454545454546
281,SFQCAQLSQHS,2.0
282,SFQPAQLSQHS,4.909090909090909
283,SFQRMRLSQHA,1.7272727272727273
284,SFQRIRLSQHA,2.0
285,SFQRMQISQHA,3.272727272727273
286,SFQRMQQSQHA,3.272727272727273
287,SFQRMQVSQHA,2.4545454545454546
288,SFQRIQISQHA,2.1818181818181817
289,SFQRIQQSQHA,2.272727272727273
290,SFQRIQVSQHA,2.5454545454545454
291,SFQRMQLKQHA,1.7272727272727273
292,SFQRMQLRQHA,1.3636363636363635
293,SFQRMQLLQHA,2.3636363636363638
294,SFQRMQLCQHA,2.1818181818181817
295,SFQRMQLTQHA,1.3636363636363635
296,SFQRIQLKQHA,1.7272727272727273
297,SFQRIQLRQHA,1.4545454545454546
298,SFQRIQLLQHA,2.0
299,SFQRIQLCQHA,2.0
300,SFQRIQLTQHA,1.0909090909090908
301,SFQRMQLSRHA,1.2727272727272727
302,SFQRMQLSAHA,2.727272727272727
303,SFQRIQLSKHA,4.7272727272727275
304,SFQRMQLSQFA,9.181818181818182
305,SFQRMQLSQYA,1.7272727272727273
306,SFQRIQLSQFA,1.0909090909090908
307,SFQRIQLSQYA,1.4545454545454546
308,SFQRMQLSQHS,5.2727272727272725
309,SFQRIQLSQHS,5.545454545454546
310,SFQRARISQHA,6.090909090909091
311,SFQRARQSQHA,8.818181818181818
312,SFQRARVSQHA,11.0
313,SFQRARLKQHA,9.363636363636363
314,SFQRARLRQHA,5.545454545454546
315,SFQRARLLQHA,4.636363636363637
316,SFQRARLCQHA,4.363636363636363
317,SFQRARLTQHA,5.090909090909091
318,SFQRARLSKHA,1.3636363636363635
319,SFQRARLSRHA,1.6363636363636365
320,SFQRARLSAHA,1.7272727272727273
321,SFQRARLSQFA,7.818181818181818
322,SFQRARLSQYA,1.6363636363636365
323,SFQRARLSQHS,2.8181818181818183
324,SFQRAQIKQHA,27.727272727272727
325,SFQRAQIRQHA,2.5454545454545454
326,SFQRAQILQHA,22.0
327,SFQRAQICQHA,2.090909090909091
328,SFQRAQITQHA,4.454545454545454
329,SFQRAQQKQHA,2.272727272727273
330,SFQRAQQRQHA,2.4545454545454546
331,SFQRAQQLQHA,2.090909090909091
332,SFQRAQQCQHA,1.1818181818181819
333,SFQRAQQTQHA,1.2727272727272727
334,SFQRAQVKQHA,2.5454545454545454
335,SFQRAQVRQHA,2.090909090909091
336,SFQRAQVLQHA,2.8181818181818183
337,SFQRAQVCQHA,4.181818181818182
338,SFQRAQVTQHA,19.818181818181817
339,SFQRAQISKHA,2.909090909090909
340,SFQRAQISAHA,1.7272727272727273
341,SFQRAQQSKHA,2.272727272727273
342,SFQRAQQSRHA,3.5454545454545454
343,SFQRAQVSKHA,3.1818181818181817
344,SFQRAQVSAHA,9.454545454545455
345,SFQRAQISQFA,2.272727272727273
346,SFQRAQISQYA,3.6363636363636362
347,SFQRAQQSQFA,1.0909090909090908
348,SFQRAQQSQYA,2.5454545454545454
349,SFQRAQVSQFA,1.8181818181818181
350,SFQRAQVSQYA,3.272727272727273
351,SFQRAQISQHS,2.0
352,SFQRAQQSQHS,5.0
353,SFQRAQVSQHS,9.636363636363637
354,SFQRAQLKKHA,1.5454545454545454
355,SFQRAQLKRHA,1.4545454545454546
356,SFQRAQLRKHA,2.272727272727273
357,SFQRAQLRAHA,3.6363636363636362
358,SFQRAQLLKHA,20.272727272727273
359,SFQRAQLLRHA,1.9090909090909092
360,SFQRAQLCKHA,1.3636363636363635
361,SFQRAQLCAHA,1.6363636363636365
362,SFQRAQLTKHA,1.4545454545454546
363,SFQRAQLKQFA,1.7272727272727273
364,SFQRAQLKQYA,2.5454545454545454
365,SFQRAQLRQFA,1.0909090909090908
366,SFQRAQLRQYA,2.1818181818181817
367,SFQRAQLLQFA,2.1818181818181817
368,SFQRAQLLQYA,2.909090909090909
369,SFQRAQLCQFA,3.6363636363636362
370,SFQRAQLCQYA,3.1818181818181817
371,SFQRAQLTQFA,3.3636363636363638
372,SFQRAQLTQYA,5.090909090909091
373,SFQRAQLKQHS,2.727272727272727
374,SFQRAQLRQHS,3.1818181818181817
375,SFQRAQLLQHS,3.727272727272727
376,SFQRAQLCQHS,2.4545454545454546
377,SFQRAQLTQHS,3.0
378,SFQRAQLSKFA,2.8181818181818183
379,SFQRAQLSKYA,1.9090909090909092
380,SFQRAQLSAFA,2.0
381,SFQRAQLSAYA,5.0
382,SFQRAQLSKHS,1.6363636363636365
383,SFQRAQLSRHS,1.3636363636363635
384,SFQRAQLSAHS,60.90909090909091
385,SFQRAQLSQFS,1.3636363636363635
386,SFQRAQLSQYS,3.0
387,WANRAQLSQHA,9.545454545454545
388,WAGRAQLSQHA,4.090909090909091
389,WQNRAQLSQHA,1.1818181818181819
390,WQGRAQLSQHA,1.6363636363636365
391,WWNRAQLSQHA,4.090909090909091
392,WWGRAQLSQHA,6.0
393,WAQTAQLSQHA,2.5454545454545454
394,WAQLAQLSQHA,75.18181818181819
395,WAQAAQLSQHA,1.7272727272727273
396,WAQHAQLSQHA,2.909090909090909
397,WAQCAQLSQHA,1.1818181818181819
398,WAQPAQLSQHA,1.9090909090909092
399,WQQTAQLSQHA,1.6363636363636365
400,WQQQAQLSQHA,1.5454545454545454
401,WQQAAQLSQHA,1.8181818181818181
402,WQQHAQLSQHA,2.272727272727273
403,WQQCAQLSQHA,1.9090909090909092
404,WWQTAQLSQHA,2.1818181818181817
405,WWQQAQLSQHA,2.272727272727273
406,WWQLAQLSQHA,97.18181818181819
407,WWQAAQLSQHA,1.4545454545454546
408,WWQHAQLSQHA,1.6363636363636365
409,WWQCAQLSQHA,2.8181818181818183
410,WAQRMQLSQHA,6.7272727272727275
411,WAQRIQLSQHA,4.818181818181818
412,WQQRMQLSQHA,1.4545454545454546
413,WWQRMQLSQHA,2.0
414,WWQRIQLSQHA,2.727272727272727
415,WAQRARLSQHA,12.636363636363637
416,WQQRARLSQHA,9.727272727272727
417,WWQRARLSQHA,10.363636363636363
418,WAQRAQISQHA,2.3636363636363638
419,WAQRAQQSQHA,4.454545454545454
420,WAQRAQVSQHA,3.3636363636363638
421,WQQRAQISQHA,1.8181818181818181
422,WQQRAQQSQHA,2.0
423,WQQRAQVSQHA,18.545454545454547
424,WWQRAQISQHA,6.0
425,WWQRAQQSQHA,5.545454545454546
426,WWQRAQVSQHA,5.7272727272727275
427,WAQRAQLKQHA,9.727272727272727
428,WAQRAQLRQHA,7.545454545454546
429,WAQRAQLLQHA,6.545454545454546
430,WAQRAQLCQHA,3.909090909090909
431,WAQRAQLTQHA,9.545454545454545
432,WQQRAQLKQHA,2.1818181818181817
433,WQQRAQLRQHA,1.5454545454545454
434,WQQRAQLLQHA,4.2727272727272725
435,WQQRAQLCQHA,1.2727272727272727
436,WQQRAQLTQHA,11.545454545454545
437,WWQRAQLKQHA,5.454545454545454
438,WWQRAQLLQHA,8.818181818181818
439,WWQRAQLCQHA,5.0
440,WAQRAQLSKHA,4.636363636363637
441,WAQRAQLSAHA,1.6363636363636365
442,WQQRAQLSKHA,6.7272727272727275
443,WWQRAQLSKHA,13.454545454545455
444,WAQRAQLSQYA,1.5454545454545454
445,WQQRAQLSQYA,2.4545454545454546
446,WWQRAQLSQFA,2.090909090909091
447,WWQRAQLSQYA,1.9090909090909092
448,WAQRAQLSQHS,6.363636363636363
449,WQQRAQLSQHS,8.090909090909092
450,WWQRAQLSQHS,3.909090909090909
451,WFNQAQLSQHA,1.4545454545454546
452,WFNLAQLSQHA,3.727272727272727
453,WFNAAQLSQHA,1.9090909090909092
454,WFNHAQLSQHA,26.454545454545453
455,WFNCAQLSQHA,1.1818181818181819
456,WFNPAQLSQHA,2.727272727272727
457,WFGTAQLSQHA,3.1818181818181817
458,WFGQAQLSQHA,1.5454545454545454
459,WFGLAQLSQHA,1.3636363636363635
460,WFGAAQLSQHA,2.3636363636363638
461,WFGHAQLSQHA,1.7272727272727273
462,WFGCAQLSQHA,2.1818181818181817
463,WFGPAQLSQHA,1.2727272727272727
464,WFNRMQLSQHA,1.3636363636363635
465,WFNRIQLSQHA,1.0909090909090908
466,WFGRMQLSQHA,1.6363636363636365
467,WFGRIQLSQHA,3.272727272727273
468,WFNRARLSQHA,9.909090909090908
469,WFGRARLSQHA,9.636363636363637
470,WFNRAQISQHA,2.4545454545454546
471,WFNRAQQSQHA,5.090909090909091
472,WFNRAQVSQHA,2.0
473,WFGRAQISQHA,2.727272727272727
474,WFGRAQQSQHA,2.909090909090909
475,WFGRAQVSQHA,1.7272727272727273
476,WFNRAQLKQHA,2.909090909090909
477,WFNRAQLRQHA,1.6363636363636365
478,WFNRAQLLQHA,1.9090909090909092
479,WFNRAQLCQHA,1.4545454545454546
480,WFNRAQLTQHA,1.8181818181818181
481,WFGRAQLKQHA,26.09090909090909
482,WFGRAQLRQHA,2.727272727272727
483,WFGRAQLLQHA,1.3636363636363635
484,WFGRAQLCQHA,1.4545454545454546
485,WFGRAQLTQHA,2.6363636363636362
486,WFNRAQLSKHA,4.454545454545454
487,WFNRAQLSRHA,2.090909090909091
488,WFNRAQLSAHA,4.0
489,WFGRAQLSKHA,3.8181818181818183
490,WFGRAQLSRHA,1.7272727272727273
491,WFNRAQLSQFA,2.1818181818181817
492,WFNRAQLSQYA,2.8181818181818183
493,WFGRAQLSQFA,19.181818181818183
494,WFGRAQLSQYA,1.3636363636363635
495,WFNRAQLSQHS,2.6363636363636362
496,WFGRAQLSQHS,2.727272727272727
497,WFQTMQLSQHA,1.7272727272727273
498,WFQTIQLSQHA,4.2727272727272725
499,WFQQMQLSQHA,7.818181818181818
500,WFQQIQLSQHA,1.6363636363636365
501,WFQLMQLSQHA,2.1818181818181817
502,WFQLIQLSQHA,3.272727272727273
503,WFQAMQLSQHA,1.8181818181818181
504,WFQAIQLSQHA,1.9090909090909092
505,WFQHMQLSQHA,1.7272727272727273
506,WFQCMQLSQHA,3.272727272727273
507,WFQCIQLSQHA,1.7272727272727273
508,WFQPMQLSQHA,1.7272727272727273
509,WFQPIQLSQHA,4.2727272727272725
510,WFQTARLSQHA,10.909090909090908
511,WFQQARLSQHA,10.363636363636363
512,WFQLARLSQHA,8.818181818181818
513,WFQAARLSQHA,9.636363636363637
514,WFQHARLSQHA,8.909090909090908
515,WFQCARLSQHA,10.636363636363637
516,WFQPARLSQHA,11.636363636363637
517,WFQTAQISQHA,1.9090909090909092
518,WFQTAQQSQHA,1.7272727272727273
519,WFQTAQVSQHA,2.1818181818181817
520,WFQQAQISQHA,3.090909090909091
521,WFQQAQQSQHA,1.8181818181818181
522,WFQQAQVSQHA,2.272727272727273
523,WFQLAQISQHA,3.1818181818181817
524,WFQLAQQSQHA,1.7272727272727273
525,WFQLAQVSQHA,2.727272727272727
526,WFQAAQISQHA,2.5454545454545454
527,WFQAAQQSQHA,6.181818181818182
528,WFQAAQVSQHA,3.5454545454545454
529,WFQHAQISQHA,13.454545454545455
530,WFQHAQQSQHA,1.6363636363636365
531,WFQHAQVSQHA,4.909090909090909
532,WFQCAQISQHA,2.090909090909091
533,WFQCAQQSQHA,2.5454545454545454
534,WFQCAQVSQHA,2.3636363636363638
535,WFQPAQISQHA,2.0
536,WFQPAQQSQHA,15.272727272727273
537,WFQPAQVSQHA,1.8181818181818181
538,WFQTAQLKQHA,3.8181818181818183
539,WFQTAQLLQHA,3.090909090909091
540,WFQTAQLCQHA,5.2727272727272725
541,WFQTAQLTQHA,3.6363636363636362
542,WFQQAQLKQHA,1.9090909090909092
543,WFQQAQLRQHA,2.0
544,WFQQAQLLQHA,1.4545454545454546
545,WFQQAQLCQHA,3.0
546,WFQQAQLTQHA,3.8181818181818183
547,WFQLAQLKQHA,1.3636363636363635
548,WFQLAQLRQHA,1.4545454545454546
549,WFQLAQLLQHA,1.9090909090909092
550,WFQLAQLCQHA,6.0
551,WFQLAQLTQHA,5.363636363636363
552,WFQAAQLKQHA,1.8181818181818181
553,WFQAAQLRQHA,2.1818181818181817
554,WFQAAQLLQHA,3.8181818181818183
555,WFQAAQLCQHA,1.8181818181818181
556,WFQAAQLTQHA,2.5454545454545454
557,WFQHAQLKQHA,1.1818181818181819
558,WFQHAQLRQHA,5.7272727272727275
559,WFQHAQLLQHA,2.6363636363636362
560,WFQHAQLCQHA,1.4545454545454546
561,WFQHAQLTQHA,2.1818181818181817
562,WFQCAQLKQHA,1.3636363636363635
563,WFQCAQLRQHA,1.9090909090909092
564,WFQCAQLLQHA,1.2727272727272727
565,WFQCAQLCQHA,1.2727272727272727
566,WFQCAQLTQHA,7.545454545454546
567,WFQPAQLKQHA,4.363636363636363
568,WFQPAQLRQHA,2.272727272727273
569,WFQPAQLLQHA,2.3636363636363638
570,WFQPAQLCQHA,1.2727272727272727
571,WFQPAQLTQHA,2.1818181818181817
572,WFQTAQLSKHA,3.8181818181818183
573,WFQTAQLSRHA,1.7272727272727273
574,WFQTAQLSAHA,3.272727272727273
575,WFQQAQLSKHA,4.090909090909091
576,WFQQAQLSRHA,1.3636363636363635
577,WFQQAQLSAHA,2.8181818181818183
578,WFQLAQLSKHA,4.0
579,WFQLAQLSRHA,1.3636363636363635
580,WFQAAQLSKHA,3.909090909090909
581,WFQHAQLSKHA,4.181818181818182
582,WFQHAQLSRHA,1.1818181818181819
583,WFQHAQLSAHA,2.090909090909091
584,WFQCAQLSKHA,5.2727272727272725
585,WFQCAQLSRHA,2.5454545454545454
586,WFQCAQLSAHA,4.181818181818182
587,WFQPAQLSKHA,4.0
588,WFQPAQLSRHA,1.0909090909090908
589,WFQTAQLSQFA,2.272727272727273
590,WFQTAQLSQYA,1.1818181818181819
591,WFQQAQLSQFA,1.7272727272727273
592,WFQQAQLSQYA,2.0
593,WFQLAQLSQFA,2.8181818181818183
594,WFQLAQLSQYA,3.909090909090909
595,WFQAAQLSQFA,2.8181818181818183
596,WFQAAQLSQYA,1.2727272727272727
597,WFQHAQLSQFA,2.090909090909091
598,WFQHAQLSQYA,2.0
599,WFQCAQLSQFA,2.909090909090909
600,WFQCAQLSQYA,2.3636363636363638
601,WFQPAQLSQFA,1.9090909090909092
602,WFQPAQLSQYA,1.3636363636363635
603,WFQTAQLSQHS,3.3636363636363638
604,WFQQAQLSQHS,2.3636363636363638
605,WFQLAQLSQHS,3.5454545454545454
606,WFQAAQLSQHS,2.090909090909091
607,WFQHAQLSQHS,2.6363636363636362
608,WFQCAQLSQHS,2.1818181818181817
609,WFQPAQLSQHS,2.5454545454545454
610,WFQRMRLSQHA,2.8181818181818183
611,WFQRIRLSQHA,2.909090909090909
612,WFQRMQISQHA,3.727272727272727
613,WFQRMQQSQHA,3.3636363636363638
614,WFQRMQVSQHA,2.5454545454545454
615,WFQRIQISQHA,1.2727272727272727
616,WFQRIQQSQHA,1.9090909090909092
617,WFQRIQVSQHA,2.6363636363636362
618,WFQRMQLKQHA,1.5454545454545454
619,WFQRMQLRQHA,1.5454545454545454
620,WFQRMQLLQHA,18.272727272727273
621,WFQRMQLCQHA,1.4545454545454546
622,WFQRMQLTQHA,7.2727272727272725
623,WFQRIQLKQHA,1.5454545454545454
624,WFQRIQLRQHA,1.5454545454545454
625,WFQRIQLLQHA,4.181818181818182
626,WFQRIQLCQHA,1.7272727272727273
627,WFQRIQLTQHA,7.181818181818182
628,WFQRMQLSKHA,5.2727272727272725
629,WFQRMQLSRHA,1.5454545454545454
630,WFQRMQLSAHA,2.909090909090909
631,WFQRIQLSKHA,3.909090909090909
632,WFQRMQLSQFA,3.4545454545454546
633,WFQRMQLSQYA,1.5454545454545454
634,WFQRIQLSQFA,1.4545454545454546
635,WFQRIQLSQYA,3.5454545454545454
636,WFQRMQLSQHS,6.545454545454546
637,WFQRIQLSQHS,4.454545454545454
638,WFQRARISQHA,2.909090909090909
639,WFQRARQSQHA,1.3636363636363635
640,WFQRARVSQHA,1.5454545454545454
641,WFQRARLKQHA,5.636363636363637
642,WFQRARLRQHA,2.4545454545454546
643,WFQRARLLQHA,2.4545454545454546
644,WFQRARLCQHA,1.4545454545454546
645,WFQRARLTQHA,2.1818181818181817
646,WFQRARLSKHA,1.7272727272727273
647,WFQRARLSRHA,76.27272727272727
648,WFQRARLSAHA,2.1818181818181817
649,WFQRARLSQFA,9.363636363636363
650,WFQRARLSQYA,3.4545454545454546
651,WFQRARLSQHS,1.7272727272727273
652,WFQRAQIKQHA,27.0
653,WFQRAQIRQHA,4.545454545454546
654,WFQRAQILQHA,23.454545454545453
655,WFQRAQITQHA,1.8181818181818181
656,WFQRAQQKQHA,1.8181818181818181
657,WFQRAQQRQHA,5.909090909090909
658,WFQRAQQLQHA,2.0
659,WFQRAQQCQHA,2.090909090909091
660,WFQRAQQTQHA,3.090909090909091
661,WFQRAQVKQHA,2.272727272727273
662,WFQRAQVRQHA,1.9090909090909092
663,WFQRAQVLQHA,5.090909090909091
664,WFQRAQVCQHA,4.545454545454546
665,WFQRAQVTQHA,2.272727272727273
666,WFQRAQISKHA,3.8181818181818183
667,WFQRAQISRHA,1.1818181818181819
668,WFQRAQQSKHA,4.7272727272727275
669,WFQRAQQSRHA,3.5454545454545454
670,WFQRAQQSAHA,6.909090909090909
671,WFQRAQVSKHA,5.454545454545454
672,WFQRAQVSRHA,16.90909090909091
673,WFQRAQVSAHA,2.727272727272727
674,WFQRAQISQFA,2.1818181818181817
675,WFQRAQISQYA,3.1818181818181817
676,WFQRAQQSQFA,2.1818181818181817
677,WFQRAQQSQYA,2.090909090909091
678,WFQRAQVSQFA,1.6363636363636365
679,WFQRAQVSQYA,1.6363636363636365
680,WFQRAQISQHS,2.8181818181818183
681,WFQRAQQSQHS,5.636363636363637
682,WFQRAQVSQHS,4.0
683,WFQRAQLKKHA,4.090909090909091
684,WFQRAQLRKHA,4.818181818181818
685,WFQRAQLRAHA,2.272727272727273
686,WFQRAQLLKHA,21.363636363636363
687,WFQRAQLLAHA,1.6363636363636365
688,WFQRAQLCKHA,3.727272727272727
689,WFQRAQLCRHA,5.636363636363637
690,WFQRAQLCAHA,1.8181818181818181
691,WFQRAQLTKHA,3.909090909090909
692,WFQRAQLTRHA,2.5454545454545454
693,WFQRAQLTAHA,1.4545454545454546
694,WFQRAQLKQFA,6.2727272727272725
695,WFQRAQLKQYA,1.7272727272727273
696,WFQRAQLRQFA,1.0909090909090908
697,WFQRAQLRQYA,1.5454545454545454
698,WFQRAQLLQFA,4.363636363636363
699,WFQRAQLLQYA,4.454545454545454
700,WFQRAQLCQFA,3.0
701,WFQRAQLCQYA,2.5454545454545454
702,WFQRAQLTQFA,9.090909090909092
703,WFQRAQLTQYA,10.0
704,WFQRAQLKQHS,2.1818181818181817
705,WFQRAQLRQHS,2.5454545454545454
706,WFQRAQLLQHS,2.909090909090909
707,WFQRAQLCQHS,2.1818181818181817
708,WFQRAQLTQHS,3.4545454545454546
709,WFQRAQLSKFA,1.5454545454545454
710,WFQRAQLSKYA,1.4545454545454546
711,WFQRAQLSRFA,1.7272727272727273
712,WFQRAQLSRYA,2.0
713,WFQRAQLSAFA,1.1818181818181819
714,WFQRAQLSAYA,4.7272727272727275
715,WFQRAQLSKHS,3.3636363636363638
716,WFQRAQLSRHS,11.090909090909092
717,WFQRAQLSAHS,3.3636363636363638
718,WFQRAQLSQFS,3.909090909090909
719,WFQRAQLSQYS,5.181818181818182
720,SANTAQLSQHA,1.9090909090909092
721,SANLAQLSQHA,1.5454545454545454
722,SANAAQLSQHA,3.4545454545454546
723,SANHAQLSQHA,1.4545454545454546
724,SANCAQLSQHA,1.4545454545454546
725,SANPAQLSQHA,1.5454545454545454
726,SAGTAQLSQHA,1.8181818181818181
727,SAGQAQLSQHA,1.4545454545454546
728,SAGLAQLSQHA,1.4545454545454546
729,SAGAAQLSQHA,3.909090909090909
730,SAGHAQLSQHA,1.6363636363636365
731,SAGCAQLSQHA,1.3636363636363635
732,SAGPAQLSQHA,1.4545454545454546
733,SQNTAQLSQHA,1.0909090909090908
734,SQNQAQLSQHA,21.272727272727273
735,SQNLAQLSQHA,1.3636363636363635
736,SQNAAQLSQHA,1.7272727272727273
737,SQNCAQLSQHA,3.0
738,SQNPAQLSQHA,1.5454545454545454
739,SQGTAQLSQHA,1.7272727272727273
740,SQGQAQLSQHA,22.09090909090909
741,SQGLAQLSQHA,2.090909090909091
742,SQGAAQLSQHA,2.3636363636363638
743,SQGHAQLSQHA,2.3636363636363638
744,SQGCAQLSQHA,2.272727272727273
745,SQGPAQLSQHA,2.0
746,SWNTAQLSQHA,3.0
747,SWNQAQLSQHA,17.272727272727273
748,SWNLAQLSQHA,1.7272727272727273
749,SWNAAQLSQHA,2.090909090909091
750,SWNHAQLSQHA,2.090909090909091
751,SWNCAQLSQHA,1.4545454545454546
752,SWNPAQLSQHA,22.818181818181817
753,SWGTAQLSQHA,3.0
754,SWGQAQLSQHA,18.90909090909091
755,SWGAAQLSQHA,3.4545454545454546
756,SWGHAQLSQHA,3.8181818181818183
757,SWGCAQLSQHA,3.0
758,SWGPAQLSQHA,22.454545454545453
759,SANRMQLSQHA,7.636363636363637
760,SANRIQLSQHA,6.454545454545454
761,SAGRMQLSQHA,2.727272727272727
762,SAGRIQLSQHA,1.2727272727272727
763,SQNRMQLSQHA,1.5454545454545454
764,SQNRIQLSQHA,1.6363636363636365
765,SQGRMQLSQHA,1.9090909090909092
766,SQGRIQLSQHA,1.7272727272727273
767,SWNRMQLSQHA,12.454545454545455
768,SWNRIQLSQHA,4.545454545454546
769,SWGRMQLSQHA,1.7272727272727273
770,SWGRIQLSQHA,4.181818181818182
771,SANRARLSQHA,4.2727272727272725
772,SAGRARLSQHA,2.909090909090909
773,SQNRARLSQHA,3.090909090909091
774,SQGRARLSQHA,2.5454545454545454
775,SANRAQISQHA,9.0
776,SANRAQQSQHA,1.8181818181818181
777,SAGRAQISQHA,13.818181818181818
778,SAGRAQQSQHA,2.090909090909091
779,SAGRAQVSQHA,4.090909090909091
780,SQNRAQISQHA,9.636363636363637
781,SQNRAQQSQHA,2.0
782,SQNRAQVSQHA,2.272727272727273
783,SQGRAQISQHA,10.090909090909092
784,SQGRAQQSQHA,2.4545454545454546
785,SQGRAQVSQHA,3.909090909090909
786,SWNRAQISQHA,8.727272727272727
787,SWNRAQQSQHA,2.090909090909091
788,SWNRAQVSQHA,2.6363636363636362
789,SWGRAQISQHA,8.454545454545455
790,SWGRAQQSQHA,2.8181818181818183
791,SWGRAQVSQHA,4.454545454545454
792,SANRAQLKQHA,5.7272727272727275
793,SANRAQLRQHA,5.636363636363637
794,SANRAQLLQHA,7.818181818181818
795,SANRAQLCQHA,5.454545454545454
796,SANRAQLTQHA,3.0
797,SAGRAQLKQHA,2.8181818181818183
798,SAGRAQLRQHA,44.09090909090909
799,SAGRAQLLQHA,3.272727272727273
800,SAGRAQLCQHA,10.454545454545455
801,SAGRAQLTQHA,3.0
802,SQNRAQLKQHA,2.090909090909091
803,SQNRAQLRQHA,4.181818181818182
804,SQNRAQLLQHA,2.0
805,SQNRAQLCQHA,4.454545454545454
806,SQNRAQLTQHA,7.454545454545454
807,SQGRAQLKQHA,2.727272727272727
808,SQGRAQLRQHA,6.909090909090909
809,SQGRAQLLQHA,2.5454545454545454
810,SQGRAQLCQHA,5.181818181818182
811,SQGRAQLTQHA,15.818181818181818
812,SWNRAQLKQHA,1.3636363636363635
813,SWNRAQLCQHA,2.0
814,SWNRAQLTQHA,1.7272727272727273
815,SWGRAQLRQHA,8.545454545454545
816,SWGRAQLCQHA,3.1818181818181817
817,SWGRAQLTQHA,1.5454545454545454
818,SANRAQLSRHA,1.2727272727272727
819,SANRAQLSAHA,2.272727272727273
820,SAGRAQLSRHA,1.3636363636363635
821,SQNRAQLSKHA,7.545454545454546
822,SQNRAQLSRHA,2.727272727272727
823,SQNRAQLSAHA,2.272727272727273
824,SQGRAQLSKHA,7.818181818181818
825,SWNRAQLSKHA,1.8181818181818181
826,SWNRAQLSAHA,1.9090909090909092
827,SWGRAQLSKHA,2.8181818181818183
828,SWGRAQLSAHA,2.727272727272727
829,SANRAQLSQFA,34.18181818181818
830,SANRAQLSQYA,2.1818181818181817
831,SAGRAQLSQFA,2.0
832,SAGRAQLSQYA,1.8181818181818181
833,SQNRAQLSQFA,1.3636363636363635
834,SQNRAQLSQYA,1.8181818181818181
835,SQGRAQLSQFA,2.272727272727273
836,SQGRAQLSQYA,2.3636363636363638
837,SWNRAQLSQYA,1.7272727272727273
838,SWGRAQLSQFA,4.0
839,SANRAQLSQHS,60.36363636363637
840,SAGRAQLSQHS,55.63636363636363
841,SQNRAQLSQHS,6.909090909090909
842,SQGRAQLSQHS,1.5454545454545454
843,SAQTMQLSQHA,2.4545454545454546
844,SAQTIQLSQHA,1.6363636363636365
845,SAQQMQLSQHA,1.6363636363636365
846,SAQLMQLSQHA,2.3636363636363638
847,SAQLIQLSQHA,2.0
848,SAQHIQLSQHA,2.8181818181818183
849,SAQCMQLSQHA,4.363636363636363
850,SAQPMQLSQHA,2.4545454545454546
851,SAQPIQLSQHA,2.272727272727273
852,SQQTMQLSQHA,4.2727272727272725
853,SQQTIQLSQHA,4.363636363636363
854,SQQQMQLSQHA,3.4545454545454546
855,SQQQIQLSQHA,3.4545454545454546
856,SQQLIQLSQHA,2.909090909090909
857,SQQAMQLSQHA,4.090909090909091
858,SQQAIQLSQHA,3.4545454545454546
859,SQQHMQLSQHA,2.8181818181818183
860,SQQHIQLSQHA,3.5454545454545454
861,SQQCMQLSQHA,4.545454545454546
862,SQQCIQLSQHA,4.909090909090909
863,SQQPMQLSQHA,13626.363636363636
864,SQQPIQLSQHA,2.8181818181818183
865,SWQTMQLSQHA,2.1818181818181817
866,SWQTIQLSQHA,1.6363636363636365
867,SWQQMQLSQHA,2.272727272727273
868,SWQQIQLSQHA,1.6363636363636365
869,SWQLMQLSQHA,6.7272727272727275
870,SWQLIQLSQHA,5.454545454545454
871,SWQAMQLSQHA,1.7272727272727273
872,SWQAIQLSQHA,2.5454545454545454
873,SWQHMQLSQHA,1.9090909090909092
874,SWQHIQLSQHA,1.5454545454545454
875,SWQCMQLSQHA,3.0
876,SWQCIQLSQHA,2.909090909090909
877,SWQPIQLSQHA,1.9090909090909092
878,SAQTARLSQHA,1.6363636363636365
879,SAQQARLSQHA,12.909090909090908
880,SAQLARLSQHA,2.1818181818181817
881,SAQAARLSQHA,1.8181818181818181
882,SAQHARLSQHA,2.090909090909091
883,SAQCARLSQHA,2.8181818181818183
884,SAQPARLSQHA,1.8181818181818181
885,SQQTARLSQHA,2.5454545454545454
886,SQQQARLSQHA,21.90909090909091
887,SQQLARLSQHA,2.4545454545454546
888,SQQAARLSQHA,4.090909090909091
889,SQQHARLSQHA,4.181818181818182
890,SQQCARLSQHA,2.6363636363636362
891,SQQPARLSQHA,6.454545454545454
892,SWQTARLSQHA,2.1818181818181817
893,SWQAARLSQHA,2.0
894,SWQHARLSQHA,1.4545454545454546
895,SAQTAQISQHA,8.818181818181818
896,SAQTAQQSQHA,1.7272727272727273
897,SAQQAQISQHA,8.636363636363637
898,SAQQAQVSQHA,2.5454545454545454
899,SAQLAQVSQHA,3.909090909090909
900,SAQAAQVSQHA,3.5454545454545454
901,SAQHAQISQHA,9.545454545454545
902,SAQCAQISQHA,9.272727272727273
903,SAQCAQQSQHA,3.6363636363636362
904,SAQPAQISQHA,9.818181818181818
905,SAQPAQQSQHA,1.4545454545454546
906,SAQPAQVSQHA,5.2727272727272725
907,SQQTAQQSQHA,5.454545454545454
908,SQQTAQVSQHA,2.0
909,SQQQAQISQHA,10.363636363636363
910,SQQQAQQSQHA,2.0
911,SQQQAQVSQHA,1.8181818181818181
912,SQQLAQQSQHA,2.0
913,SQQLAQVSQHA,2.0
914,SQQAAQISQHA,8.818181818181818
915,SQQAAQQSQHA,2.272727272727273
916,SQQHAQISQHA,49.45454545454545
917,SQQHAQVSQHA,2.1818181818181817
918,SQQCAQQSQHA,1.6363636363636365
919,SQQPAQISQHA,8.818181818181818
920,SQQPAQVSQHA,2.3636363636363638
921,SWQTAQISQHA,8.636363636363637
922,SWQTAQVSQHA,1.6363636363636365
923,SWQQAQQSQHA,17.272727272727273
924,SWQLAQQSQHA,2.1818181818181817
925,SWQLAQVSQHA,2.727272727272727
926,SWQAAQISQHA,9.363636363636363
927,SWQAAQQSQHA,1.7272727272727273
928,SWQAAQVSQHA,2.1818181818181817
929,SWQHAQQSQHA,25.454545454545453
930,SWQHAQVSQHA,2.8181818181818183
931,SWQCAQQSQHA,1.3636363636363635
932,SWQPAQISQHA,9.090909090909092
933,SWQPAQQSQHA,2.6363636363636362
934,SWQPAQVSQHA,1.7272727272727273
935,SAQTAQLKQHA,7.818181818181818
936,SAQTAQLRQHA,5.2727272727272725
937,SAQTAQLLQHA,4.2727272727272725
938,SAQTAQLCQHA,2.0
939,SAQTAQLTQHA,2.3636363636363638
940,SAQQAQLKQHA,7.181818181818182
941,SAQQAQLRQHA,5.636363636363637
942,SAQQAQLLQHA,1.1818181818181819
943,SAQQAQLCQHA,4.090909090909091
944,SAQQAQLTQHA,2.4545454545454546
945,SAQLAQLKQHA,9.272727272727273
946,SAQLAQLRQHA,116.54545454545455
947,SAQLAQLLQHA,2.090909090909091
948,SAQLAQLCQHA,2.090909090909091
949,SAQLAQLTQHA,1.7272727272727273
950,SAQAAQLKQHA,8.909090909090908
951,SAQAAQLRQHA,6.7272727272727275
952,SAQAAQLLQHA,58.72727272727273
953,SAQAAQLCQHA,5.818181818181818
954,SAQAAQLTQHA,3.4545454545454546
955,SAQHAQLKQHA,7.454545454545454
956,SAQHAQLLQHA,2.909090909090909
957,SAQHAQLCQHA,1.3636363636363635
958,SAQHAQLTQHA,2.3636363636363638
959,SAQCAQLKQHA,7.545454545454546
960,SAQCAQLRQHA,6.090909090909091
961,SAQCAQLLQHA,1.3636363636363635
962,SAQCAQLCQHA,1.4545454545454546
963,SAQCAQLTQHA,1.3636363636363635
964,SAQPAQLKQHA,7.181818181818182
965,SAQPAQLRQHA,5.7272727272727275
966,SAQPAQLLQHA,1.1818181818181819
967,SAQPAQLCQHA,4.0
968,SAQPAQLTQHA,1.6363636363636365
969,SQQTAQLLQHA,6.7272727272727275
970,SQQTAQLCQHA,1.9090909090909092
971,SQQTAQLTQHA,6.090909090909091
972,SQQQAQLKQHA,21.90909090909091
973,SQQQAQLRQHA,23.90909090909091
974,SQQQAQLLQHA,22.0
975,SQQQAQLCQHA,24.363636363636363
976,SQQQAQLTQHA,26.272727272727273
977,SQQLAQLKQHA,2.4545454545454546
978,SQQLAQLRQHA,4.909090909090909
979,SQQLAQLLQHA,1.5454545454545454
980,SQQLAQLCQHA,5.7272727272727275
981,SQQLAQLTQHA,6.363636363636363
982,SQQAAQLKQHA,2.8181818181818183
983,SQQAAQLRQHA,4.363636363636363
984,SQQAAQLLQHA,2.272727272727273
985,SQQAAQLCQHA,2.909090909090909
986,SQQAAQLTQHA,5.909090909090909
987,SQQHAQLKQHA,2.909090909090909
988,SQQHAQLRQHA,5.181818181818182
989,SQQHAQLLQHA,3.6363636363636362
990,SQQHAQLCQHA,3.8181818181818183
991,SQQHAQLTQHA,6.545454545454546
992,SQQCAQLKQHA,2.8181818181818183
993,SQQCAQLRQHA,5.0
994,SQQCAQLLQHA,2.0
995,SQQCAQLCQHA,7.909090909090909
996,SQQCAQLTQHA,6.090909090909091
997,SQQPAQLKQHA,2.909090909090909
998,SQQPAQLRQHA,5.2727272727272725
999,SQQPAQLLQHA,4.181818181818182
1000,SQQPAQLCQHA,3.0
1001,SQQPAQLTQHA,6.090909090909091
1002,SWQTAQLKQHA,2.1818181818181817
1003,SWQTAQLRQHA,4.0
1004,SWQTAQLLQHA,4.363636363636363
1005,SWQTAQLTQHA,4.363636363636363
1006,SWQQAQLRQHA,19.90909090909091
1007,SWQQAQLLQHA,17.727272727272727
1008,SWQQAQLCQHA,21.545454545454547
1009,SWQQAQLTQHA,18.272727272727273
1010,SWQLAQLKQHA,2.909090909090909
1011,SWQLAQLRQHA,4.818181818181818
1012,SWQLAQLLQHA,1.8181818181818181
1013,SWQLAQLCQHA,1.6363636363636365
1014,SWQLAQLTQHA,1.6363636363636365
1015,SWQAAQLKQHA,2.8181818181818183
1016,SWQAAQLLQHA,2.727272727272727
1017,SWQAAQLCQHA,3.0
1018,SWQAAQLTQHA,2.272727272727273
1019,SWQHAQLKQHA,2.8181818181818183
1020,SWQHAQLRQHA,4.818181818181818
1021,SWQHAQLLQHA,2.272727272727273
1022,SWQHAQLCQHA,2.090909090909091
1023,SWQCAQLKQHA,1.3636363636363635
1024,SWQCAQLRQHA,5.181818181818182
1025,SWQCAQLTQHA,3.1818181818181817
1026,SWQPAQLKQHA,2.8181818181818183
1027,SWQPAQLRQHA,5.818181818181818
1028,SWQPAQLCQHA,3.909090909090909
1029,SAQTAQLSKHA,2.090909090909091
1030,SAQQAQLSKHA,3.3636363636363638
1031,SAQQAQLSAHA,2.8181818181818183
1032,SAQLAQLSKHA,2.1818181818181817
1033,SAQLAQLSRHA,17.363636363636363
1034,SAQAAQLSKHA,2.4545454545454546
1035,SAQAAQLSRHA,18.09090909090909
1036,SAQPAQLSKHA,2.8181818181818183
1037,SQQTAQLSKHA,6.0
1038,SQQQAQLSKHA,1.9090909090909092
1039,SQQQAQLSAHA,3.090909090909091
1040,SQQLAQLSKHA,1.6363636363636365
1041,SQQAAQLSKHA,2.5454545454545454
1042,SQQAAQLSRHA,3.5454545454545454
1043,SQQAAQLSAHA,3.272727272727273
1044,SQQHAQLSKHA,2.0
1045,SQQHAQLSRHA,2.3636363636363638
1046,SQQHAQLSAHA,11.454545454545455
1047,SQQCAQLSKHA,1.7272727272727273
1048,SQQCAQLSAHA,2.6363636363636362
1049,SAQAAQLSQYA,2.1818181818181817
1050,SAQHAQLSQFA,2.272727272727273
1051,SAQCAQLSQFA,2.1818181818181817
1052,SAQPAQLSQYA,2.090909090909091
1053,SQQTAQLSQFA,1.5454545454545454
1054,SQQTAQLSQYA,1.6363636363636365
1055,SQQQAQLSQFA,1.8181818181818181
1056,SQQQAQLSQYA,2.909090909090909
1057,SQQLAQLSQYA,2.1818181818181817
1058,SQQHAQLSQYA,2.1818181818181817
1059,SQQCAQLSQYA,2.0
1060,SQQPAQLSQYA,1.7272727272727273
1061,SWQTAQLSQFA,1.1818181818181819
1062,SWQTAQLSQYA,2.1818181818181817
1063,SWQLAQLSQFA,105.0909090909091
1064,SWQAAQLSQFA,1.5454545454545454
1065,SWQAAQLSQYA,2.909090909090909
1066,SWQHAQLSQFA,1.3636363636363635
1067,SWQHAQLSQYA,2.1818181818181817
1068,SWQCAQLSQYA,3.909090909090909
1069,SWQPAQLSQFA,2.090909090909091
1070,SWQPAQLSQYA,3.8181818181818183
1071,SAQTAQLSQHS,1.8181818181818181
1072,SAQLAQLSQHS,2.0
1073,SAQAAQLSQHS,5.181818181818182
1074,SAQCAQLSQHS,2.5454545454545454
1075,SAQPAQLSQHS,4.454545454545454
1076,SQQTAQLSQHS,1.9090909090909092
1077,SQQQAQLSQHS,1.7272727272727273
1078,SQQAAQLSQHS,3.727272727272727
1079,SQQRIRLSQHA,3.5454545454545454
1080,SWQRMRLSQHA,12.545454545454545
1081,SWQRIRLSQHA,3.6363636363636362
1082,SAQRMQISQHA,3.5454545454545454
1083,SAQRMQQSQHA,1.3636363636363635
1084,SAQRMQVSQHA,2.8181818181818183
1085,SAQRIQQSQHA,1.7272727272727273
1086,SAQRIQVSQHA,1.6363636363636365
1087,SQQRMQISQHA,2.4545454545454546
1088,SQQRIQQSQHA,1.5454545454545454
1089,SWQRMQISQHA,2.727272727272727
1090,SWQRMQQSQHA,1.6363636363636365
1091,SWQRIQISQHA,2.090909090909091
1092,SWQRIQVSQHA,1.4545454545454546
1093,SAQRMQLRQHA,1.9090909090909092
1094,SAQRMQLLQHA,1.9090909090909092
1095,SAQRIQLLQHA,2.5454545454545454
1096,SAQRIQLTQHA,2.0
1097,SQQRMQLRQHA,1.2727272727272727
1098,SQQRIQLRQHA,1.5454545454545454
1099,SQQRIQLLQHA,3.1818181818181817
1100,SWQRMQLKQHA,1.8181818181818181
1101,SWQRMQLRQHA,1.1818181818181819
1102,SWQRMQLLQHA,1.8181818181818181
1103,SWQRMQLCQHA,3.272727272727273
1104,SWQRMQLTQHA,1.6363636363636365
1105,SWQRIQLLQHA,2.6363636363636362
1106,SWQRIQLCQHA,5.181818181818182
1107,SAQRMQLSKHA,2.090909090909091
1108,SAQRMQLSAHA,1.6363636363636365
1109,SAQRIQLSKHA,7.0
1110,SAQRIQLSRHA,2.272727272727273
1111,SQQRMQLSKHA,1.8181818181818181
1112,SQQRMQLSRHA,4.545454545454546
1113,SQQRMQLSAHA,1.3636363636363635
1114,SQQRIQLSRHA,2.909090909090909
1115,SWQRMQLSKHA,1.4545454545454546
1116,SWQRIQLSAHA,5.2727272727272725
1117,SAQRMQLSQFA,6.090909090909091
1118,SAQRMQLSQYA,2.4545454545454546
1119,SAQRIQLSQYA,1.8181818181818181
1120,SQQRMQLSQFA,5.909090909090909
1121,SQQRMQLSQYA,2.6363636363636362
1122,SWQRMQLSQFA,5.909090909090909
1123,SWQRIQLSQYA,4.545454545454546
1124,SAQRMQLSQHS,5.181818181818182
1125,SAQRIQLSQHS,5.7272727272727275
1126,SQQRMQLSQHS,1.7272727272727273
1127,SQQRARQSQHA,1.3636363636363635
1128,SWQRARISQHA,3.909090909090909
1129,SWQRARQSQHA,3.3636363636363638
1130,SWQRARVSQHA,3.8181818181818183
1131,SAQRARLLQHA,3.3636363636363638
1132,SQQRARLKQHA,4.181818181818182
1133,SQQRARLRQHA,7.2727272727272725
1134,SWQRARLRQHA,3.8181818181818183
1135,SWQRARLLQHA,3.6363636363636362
1136,SWQRARLCQHA,3.090909090909091
1137,SWQRARLTQHA,2.909090909090909
1138,SAQRARLSRHA,2.090909090909091
1139,SQQRARLSAHA,3.1818181818181817
1140,SWQRARLSKHA,2.6363636363636362
1141,SQQRARLSQFA,1.2727272727272727
1142,SQQRARLSQYA,1.4545454545454546
1143,SWQRARLSQYA,4.181818181818182
1144,SQQRAQVLQHA,5.636363636363637
1145,SWQRAQICQHA,3.0
1146,SWQRAQVSRHA,3.3636363636363638
1147,SAQRAQLKRHA,2.8181818181818183
1148,SAQRAQLRAHA,1.5454545454545454
1149,SAQRAQLLKHA,3.090909090909091
1150,SAQRAQLTAHA,1.4545454545454546
1151,SQQRAQLKKHA,1.5454545454545454
1152,SQQRAQLKRHA,4.363636363636363
1153,SQQRAQLKAHA,1.5454545454545454
1154,SQQRAQLRKHA,2.4545454545454546
1155,SQQRAQLRAHA,2.090909090909091
1156,SQQRAQLCRHA,5.2727272727272725
1157,SQQRAQLCAHA,3.8181818181818183
1158,SQQRAQLTKHA,1.4545454545454546
1159,SQQRAQLTRHA,2.6363636363636362
1160,SQQRAQLTAHA,1.9090909090909092
1161,SWQRAQLKKHA,1.6363636363636365
1162,SWQRAQLKAHA,3.272727272727273
1163,SWQRAQLRRHA,1.2727272727272727
1164,SWQRAQLLRHA,2.0
1165,SWQRAQLLAHA,3.727272727272727
1166,SWQRAQLTKHA,1.8181818181818181
1167,SWQRAQLTAHA,6.2727272727272725
1168,SAQRAQLTQYA,1.4545454545454546
1169,SQQRAQLKQFA,1.3636363636363635
1170,SQQRAQLKQYA,1.9090909090909092
1171,SQQRAQLRQFA,2.5454545454545454
1172,SQQRAQLRQYA,1.9090909090909092
1173,SQQRAQLLQYA,2.4545454545454546
1174,SQQRAQLCQFA,4.454545454545454
1175,SQQRAQLTQFA,13.363636363636363
1176,SQQRAQLTQYA,6.181818181818182
1177,SWQRAQLLQYA,2.3636363636363638
1178,SWQRAQLCQFA,2.272727272727273
1179,SAQRAQLRQHS,55.36363636363637
1180,SAQRAQLLQHS,55.63636363636363
1181,SAQRAQLCQHS,54.90909090909091
1182,SQQRAQLRQHS,2.0
1183,SQQRAQLCQHS,6.0
1184,SWQRAQLLQHS,3.1818181818181817
1185,SWQRAQLCQHS,2.090909090909091
1186,SAQRAQLSRFA,17.181818181818183
1187,SAQRAQLSRYA,22.181818181818183
1188,SQQRAQLSKYA,19.636363636363637
1189,SQQRAQLSRFA,2.4545454545454546
1190,SQQRAQLSRYA,2.5454545454545454
1191,SQQRAQLSAFA,4.0
1192,SQQRAQLSAYA,4.181818181818182
1193,SWQRAQLSKYA,1.9090909090909092
1194,SWQRAQLSRFA,1.8181818181818181
1195,SWQRAQLSRYA,1.6363636363636365
1196,SWQRAQLSAFA,1.6363636363636365
1197,SAQRAQLSKHS,2.0
1198,SAQRAQLSRHS,2.1818181818181817
1199,SAQRAQLSAHS,1.8181818181818181
1200,SQQRAQLSKHS,7.0
1201,SQQRAQLSAHS,3.272727272727273
1202,SWQRAQLSRHS,3.8181818181818183
1203,SWQRAQLSAHS,1.1818181818181819
1204,SFNTMQLSQHA,2.272727272727273
1205,SFNTIQLSQHA,3.8181818181818183
1206,SFNQMQLSQHA,9.0
1207,SFNLMQLSQHA,2.272727272727273
1208,SFNAMQLSQHA,3.1818181818181817
1209,SFNAIQLSQHA,2.3636363636363638
1210,SFNHMQLSQHA,27.09090909090909
1211,SFNHIQLSQHA,26.363636363636363
1212,SFNCMQLSQHA,2.1818181818181817
1213,SFNCIQLSQHA,1.6363636363636365
1214,SFNPMQLSQHA,2.909090909090909
1215,SFNPIQLSQHA,3.909090909090909
1216,SFGTIQLSQHA,8.636363636363637
1217,SFGLMQLSQHA,2.4545454545454546
1218,SFGLIQLSQHA,5.0
1219,SFGAMQLSQHA,3.272727272727273
1220,SFGAIQLSQHA,4.545454545454546
1221,SFGHMQLSQHA,2.727272727272727
1222,SFGHIQLSQHA,4.818181818181818
1223,SFGCMQLSQHA,1.9090909090909092
1224,SFGCIQLSQHA,3.4545454545454546
1225,SFGPIQLSQHA,6.0
1226,SFNTARLSQHA,2.090909090909091
1227,SFNQARLSQHA,2.4545454545454546
1228,SFNLARLSQHA,2.272727272727273
1229,SFNAARLSQHA,2.8181818181818183
1230,SFNHARLSQHA,2.3636363636363638
1231,SFNPARLSQHA,2.5454545454545454
1232,SFGTARLSQHA,1.5454545454545454
1233,SFGQARLSQHA,1.7272727272727273
1234,SFGLARLSQHA,1.6363636363636365
1235,SFGHARLSQHA,11.363636363636363
1236,SFGCARLSQHA,3.8181818181818183
1237,SFGPARLSQHA,1.8181818181818181
1238,SFNTAQISQHA,11.818181818181818
1239,SFNTAQQSQHA,3.8181818181818183
1240,SFNTAQVSQHA,2.909090909090909
1241,SFNQAQISQHA,9.363636363636363
1242,SFNQAQQSQHA,3.6363636363636362
1243,SFNQAQVSQHA,2.1818181818181817
1244,SFNLAQISQHA,9.181818181818182
1245,SFNLAQQSQHA,3.8181818181818183
1246,SFNLAQVSQHA,2.8181818181818183
1247,SFNAAQISQHA,9.727272727272727
1248,SFNAAQQSQHA,13.818181818181818
1249,SFNAAQVSQHA,2.1818181818181817
1250,SFNHAQISQHA,9.545454545454545
1251,SFNHAQQSQHA,4.0
1252,SFNHAQVSQHA,1.8181818181818181
1253,SFNCAQISQHA,30.636363636363637
1254,SFNCAQQSQHA,26.272727272727273
1255,SFNCAQVSQHA,29.181818181818183
1256,SFNPAQISQHA,9.0
1257,SFNPAQQSQHA,17.363636363636363
1258,SFNPAQVSQHA,3.272727272727273
1259,SFGTAQISQHA,14.090909090909092
1260,SFGTAQQSQHA,3.8181818181818183
1261,SFGTAQVSQHA,2.090909090909091
1262,SFGQAQISQHA,10.0
1263,SFGQAQQSQHA,2.3636363636363638
1264,SFGQAQVSQHA,4.363636363636363
1265,SFGLAQISQHA,16.0
1266,SFGLAQQSQHA,3.090909090909091
1267,SFGLAQVSQHA,2.4545454545454546
1268,SFGAAQISQHA,9.0
1269,SFGAAQQSQHA,26.818181818181817
1270,SFGAAQVSQHA,3.090909090909091
1271,SFGHAQISQHA,9.363636363636363
1272,SFGHAQQSQHA,2.3636363636363638
1273,SFGHAQVSQHA,2.0
1274,SFGCAQISQHA,30.818181818181817
1275,SFGCAQQSQHA,24.0
1276,SFGCAQVSQHA,25.363636363636363
1277,SFGPAQISQHA,9.454545454545455
1278,SFGPAQQSQHA,15.818181818181818
1279,SFGPAQVSQHA,1.8181818181818181
1280,SFNTAQLKQHA,2.0
1281,SFNTAQLLQHA,2.1818181818181817
1282,SFNTAQLCQHA,1.3636363636363635
1283,SFNTAQLTQHA,1.7272727272727273
1284,SFNQAQLKQHA,2.4545454545454546
1285,SFNQAQLRQHA,9.363636363636363
1286,SFNQAQLCQHA,5.2727272727272725
1287,SFNQAQLTQHA,1.5454545454545454
1288,SFNLAQLKQHA,1.9090909090909092
1289,SFNLAQLRQHA,5.0
1290,SFNLAQLLQHA,2.4545454545454546
1291,SFNLAQLCQHA,1.9090909090909092
1292,SFNAAQLKQHA,1.4545454545454546
1293,SFNAAQLLQHA,3.3636363636363638
1294,SFNAAQLCQHA,1.4545454545454546
1295,SFNAAQLTQHA,1.4545454545454546
1296,SFNHAQLKQHA,1.2727272727272727
1297,SFNHAQLRQHA,4.181818181818182
1298,SFNHAQLLQHA,1.8181818181818181
1299,SFNHAQLCQHA,1.3636363636363635
1300,SFNHAQLTQHA,1.8181818181818181
1301,SFNCAQLKQHA,23.818181818181817
1302,SFNCAQLRQHA,28.90909090909091
1303,SFNCAQLLQHA,25.272727272727273
1304,SFNCAQLCQHA,23.818181818181817
1305,SFNCAQLTQHA,25.181818181818183
1306,SFNPAQLKQHA,4.090909090909091
1307,SFNPAQLRQHA,6.545454545454546
1308,SFNPAQLLQHA,3.272727272727273
1309,SFNPAQLCQHA,3.727272727272727
1310,SFNPAQLTQHA,1.2727272727272727
1311,SFGTAQLKQHA,6.454545454545454
1312,SFGTAQLRQHA,4.636363636363637
1313,SFGTAQLLQHA,1.2727272727272727
1314,SFGTAQLTQHA,2.1818181818181817
1315,SFGQAQLKQHA,7.0
1316,SFGQAQLRQHA,5.636363636363637
1317,SFGQAQLLQHA,1.6363636363636365
1318,SFGQAQLCQHA,3.3636363636363638
1319,SFGQAQLTQHA,1.7272727272727273
1320,SFGLAQLRQHA,4.909090909090909
1321,SFGLAQLLQHA,1.7272727272727273
1322,SFGLAQLTQHA,1.5454545454545454
1323,SFGAAQLKQHA,6.090909090909091
1324,SFGAAQLLQHA,2.909090909090909
1325,SFGHAQLKQHA,5.818181818181818
1326,SFGHAQLRQHA,4.636363636363637
1327,SFGHAQLTQHA,2.5454545454545454
1328,SFGCAQLKQHA,28.545454545454547
1329,SFGCAQLCQHA,23.90909090909091
1330,SFGPAQLRQHA,4.2727272727272725
1331,SFGPAQLLQHA,2.727272727272727
1332,SFGPAQLTQHA,1.5454545454545454
1333,SFNTAQLSKHA,1.5454545454545454
1334,SFNTAQLSRHA,1.0909090909090908
1335,SFNQAQLSKHA,1.2727272727272727
1336,SFNLAQLSKHA,3.6363636363636362
1337,SFNAAQLSAHA,2.0
1338,SFNHAQLSKHA,1.5454545454545454
1339,SFNHAQLSRHA,1.6363636363636365
1340,SFNHAQLSAHA,3.272727272727273
1341,SFNCAQLSAHA,4.2727272727272725
1342,SFNPAQLSAHA,3.4545454545454546
1343,SFGTAQLSAHA,7.090909090909091
1344,SFGQAQLSKHA,1.1818181818181819
1345,SFGQAQLSAHA,5.636363636363637
1346,SFGLAQLSKHA,1.3636363636363635
1347,SFGLAQLSRHA,1.7272727272727273
1348,SFGAAQLSKHA,1.7272727272727273
1349,SFGCAQLSKHA,12.545454545454545
1350,SFGCAQLSAHA,24.181818181818183
1351,SFGPAQLSKHA,1.4545454545454546
1352,SFGPAQLSRHA,2.4545454545454546
1353,SFNQAQLSQFA,6.0
1354,SFNLAQLSQYA,3.8181818181818183
1355,SFNPAQLSQYA,3.3636363636363638
1356,SFGTAQLSQFA,4.7272727272727275
1357,SFGLAQLSQFA,2.4545454545454546
1358,SFGAAQLSQYA,1.4545454545454546
1359,SFGHAQLSQYA,5.090909090909091
1360,SFGCAQLSQFA,4.2727272727272725
1361,SFGCAQLSQYA,2.0
1362,SFNTAQLSQHS,3.727272727272727
1363,SFNPAQLSQHS,1.5454545454545454
1364,SFGHAQLSQHS,1.7272727272727273
1365,SFGCAQLSQHS,2.090909090909091
1366,SFGRMRLSQHA,2.090909090909091
1367,SFGRIRLSQHA,2.4545454545454546
1368,SFNRMQISQHA,2.5454545454545454
1369,SFNRMQQSQHA,2.4545454545454546
1370,SFNRIQISQHA,1.5454545454545454
1371,SFNRIQQSQHA,1.2727272727272727
1372,SFNRIQVSQHA,1.7272727272727273
1373,SFGRMQISQHA,2.727272727272727
1374,SFGRMQQSQHA,2.8181818181818183
1375,SFGRIQISQHA,2.0
1376,SFGRIQQSQHA,1.3636363636363635
1377,SFNRIQLKQHA,1.0909090909090908
1378,SFNRIQLLQHA,1.8181818181818181
1379,SFNRIQLCQHA,1.5454545454545454
1380,SFNRIQLTQHA,2.0
1381,SFGRMQLKQHA,6.454545454545454
1382,SFGRMQLRQHA,2.3636363636363638
1383,SFGRMQLLQHA,1.3636363636363635
1384,SFGRMQLCQHA,2.727272727272727
1385,SFGRMQLTQHA,1.9090909090909092
1386,SFGRIQLRQHA,2.4545454545454546
1387,SFGRIQLLQHA,1.2727272727272727
1388,SFGRIQLCQHA,2.4545454545454546
1389,SFGRIQLTQHA,1.6363636363636365
1390,SFNRMQLSKHA,4.090909090909091
1391,SFNRMQLSRHA,1.2727272727272727
1392,SFNRIQLSKHA,5.636363636363637
1393,SFGRMQLSKHA,2.1818181818181817
1394,SFGRIQLSRHA,1.2727272727272727
1395,SFNRIQLSQFA,1.1818181818181819
1396,SFGRMQLSQFA,27.181818181818183
1397,SFGRMQLSQYA,1.9090909090909092
1398,SFGRIQLSQFA,21.0
1399,SFGRIQLSQYA,3.5454545454545454
1400,SFNRMQLSQHS,3.3636363636363638
1401,SFGRIQLSQHS,4.7272727272727275
1402,SFNRARISQHA,3.8181818181818183
1403,SFNRARQSQHA,8.727272727272727
1404,SFNRARVSQHA,11.454545454545455
1405,SFGRARISQHA,29.181818181818183
1406,SFGRARQSQHA,13.181818181818182
1407,SFGRARVSQHA,11.090909090909092
1408,SFNRARLKQHA,19.90909090909091
1409,SFNRARLRQHA,5.545454545454546
1410,SFNRARLLQHA,5.454545454545454
1411,SFNRARLCQHA,4.818181818181818
1412,SFNRARLTQHA,4.7272727272727275
1413,SFGRARLKQHA,9.0
1414,SFGRARLSRHA,2.0
1415,SFNRARLSQYA,5.090909090909091
1416,SFNRARLSQHS,3.090909090909091
1417,SFGRARLSQHS,2.4545454545454546
1418,SFNRAQICQHA,1.5454545454545454
1419,SFNRAQQKQHA,1.5454545454545454
1420,SFNRAQQLQHA,4.909090909090909
1421,SFNRAQQTQHA,1.4545454545454546
1422,SFNRAQVLQHA,2.0
1423,SFNRAQVTQHA,2.0
1424,SFGRAQIKQHA,2.4545454545454546
1425,SFGRAQILQHA,4.181818181818182
1426,SFGRAQICQHA,1.7272727272727273
1427,SFGRAQITQHA,1.2727272727272727
1428,SFGRAQQRQHA,1.5454545454545454
1429,SFGRAQQCQHA,1.8181818181818181
1430,SFGRAQVKQHA,3.5454545454545454
1431,SFGRAQVRQHA,8.454545454545455
1432,SFGRAQVLQHA,1.5454545454545454
1433,SFGRAQVCQHA,2.0
1434,SFGRAQVTQHA,1.9090909090909092
1435,SFNRAQISKHA,1.5454545454545454
1436,SFNRAQISRHA,4.909090909090909
1437,SFNRAQVSAHA,2.4545454545454546
1438,SFGRAQISKHA,1.1818181818181819
1439,SFGRAQISAHA,1.8181818181818181
1440,SFGRAQQSKHA,1.5454545454545454
1441,SFGRAQVSRHA,1.5454545454545454
1442,SFNRAQISQYA,7.090909090909091
1443,SFNRAQQSQFA,3.090909090909091
1444,SFNRAQQSQYA,4.454545454545454
1445,SFNRAQVSQFA,1.7272727272727273
1446,SFGRAQISQFA,1.2727272727272727
1447,SFGRAQQSQYA,2.4545454545454546
1448,SFGRAQVSQFA,1.5454545454545454
1449,SFNRAQQSQHS,2.6363636363636362
1450,SFNRAQLKKHA,4.545454545454546
1451,SFNRAQLKRHA,4.454545454545454
1452,SFNRAQLKAHA,2.4545454545454546
1453,SFNRAQLRKHA,1.6363636363636365
1454,SFGRAQLRAHA,2.909090909090909
1455,SFGRAQLLAHA,3.8181818181818183
1456,SFGRAQLCKHA,8.636363636363637
1457,SFGRAQLTKHA,1.5454545454545454
1458,SFNRAQLKQFA,3.1818181818181817
1459,SFNRAQLKQYA,3.6363636363636362
1460,SFNRAQLRQFA,1.4545454545454546
1461,SFNRAQLLQFA,1.2727272727272727
1462,SFNRAQLCQFA,2.909090909090909
1463,SFNRAQLTQFA,1.4545454545454546
1464,SFGRAQLRQYA,2.4545454545454546
1465,SFGRAQLCQFA,6.636363636363637
1466,SFNRAQLKQHS,3.1818181818181817
1467,SFNRAQLLQHS,3.4545454545454546
1468,SFNRAQLCQHS,3.0
1469,SFNRAQLTQHS,3.1818181818181817
1470,SFGRAQLKQHS,4.545454545454546
1471,SFGRAQLCQHS,2.909090909090909
1472,SFGRAQLTQHS,13.545454545454545
1473,SFNRAQLSRFA,1.8181818181818181
1474,SFGRAQLSKYA,2.272727272727273
1475,SFGRAQLSAHS,60.36363636363637
1476,SFQTMRLSQHA,1.7272727272727273
1477,SFQTIRLSQHA,1.9090909090909092
1478,SFQQMRLSQHA,4.909090909090909
1479,SFQQIRLSQHA,3.090909090909091
1480,SFQLMRLSQHA,1.2727272727272727
1481,SFQLIRLSQHA,2.0
1482,SFQAIRLSQHA,2.5454545454545454
1483,SFQHMRLSQHA,1.6363636363636365
1484,SFQCIRLSQHA,1.5454545454545454
1485,SFQPIRLSQHA,4.0
1486,SFQTIQVSQHA,2.909090909090909
1487,SFQQMQVSQHA,2.272727272727273
1488,SFQQIQISQHA,2.1818181818181817
1489,SFQQIQVSQHA,2.727272727272727
1490,SFQHMQVSQHA,2.727272727272727
1491,SFQCIQQSQHA,3.727272727272727
1492,SFQCIQVSQHA,2.272727272727273
1493,SFQPMQISQHA,2.3636363636363638
1494,SFQPMQVSQHA,1.7272727272727273
1495,SFQTIQLKQHA,6.090909090909091
1496,SFQQMQLCQHA,6.7272727272727275
1497,SFQQMQLTQHA,2.272727272727273
1498,SFQLIQLRQHA,2.4545454545454546
1499,SFQLIQLLQHA,2.5454545454545454
1500,SFQLIQLCQHA,6.0
1501,SFQAMQLRQHA,2.8181818181818183
1502,SFQAMQLLQHA,3.6363636363636362
1503,SFQAIQLKQHA,1.8181818181818181
1504,SFQAIQLLQHA,5.0
1505,SFQAIQLCQHA,2.090909090909091
1506,SFQAIQLTQHA,1.1818181818181819
1507,SFQHMQLKQHA,1.4545454545454546
1508,SFQHMQLRQHA,6.0
1509,SFQHMQLLQHA,2.1818181818181817
1510,SFQHIQLKQHA,2.0
1511,SFQHIQLRQHA,5.363636363636363
1512,SFQHIQLLQHA,4.363636363636363
1513,SFQHIQLTQHA,1.2727272727272727
1514,SFQCMQLKQHA,1.7272727272727273
1515,SFQCMQLCQHA,1.3636363636363635
1516,SFQCMQLTQHA,1.6363636363636365
1517,SFQCIQLLQHA,3.0
1518,SFQCIQLCQHA,1.1818181818181819
1519,SFQPMQLLQHA,7.7272727272727275
1520,SFQPIQLCQHA,2.6363636363636362
1521,SFQTIQLSKHA,5.636363636363637
1522,SFQAIQLSKHA,3.909090909090909
1523,SFQHMQLSRHA,1.5454545454545454
1524,SFQHMQLSAHA,2.1818181818181817
1525,SFQPMQLSRHA,3.8181818181818183
1526,SFQTIQLSQYA,1.6363636363636365
1527,SFQQIQLSQFA,1.1818181818181819
1528,SFQHMQLSQFA,6.454545454545454
1529,SFQPMQLSQYA,2.8181818181818183
1530,SFQLIQLSQHS,5.545454545454546
1531,SFQAMQLSQHS,5.2727272727272725
1532,SFQTARISQHA,2.272727272727273
1533,SFQQARISQHA,2.727272727272727
1534,SFQQARQSQHA,1.6363636363636365
1535,SFQQARVSQHA,2.6363636363636362
1536,SFQLARISQHA,2.909090909090909
1537,SFQLARQSQHA,2.5454545454545454
1538,SFQLARVSQHA,1.5454545454545454
1539,SFQHARISQHA,2.272727272727273
1540,SFQHARVSQHA,1.0909090909090908
1541,SFQCARISQHA,3.909090909090909
1542,SFQPARISQHA,109.0
1543,SFQPARQSQHA,2.3636363636363638
1544,SFQTARLKQHA,1.9090909090909092
1545,SFQTARLRQHA,2.5454545454545454
1546,SFQTARLLQHA,4.363636363636363
1547,SFQTARLCQHA,16.636363636363637
1548,SFQTARLTQHA,1.3636363636363635
1549,SFQQARLRQHA,3.272727272727273
1550,SFQQARLCQHA,2.727272727272727
1551,SFQLARLKQHA,1.9090909090909092
1552,SFQLARLCQHA,1.5454545454545454
1553,SFQLARLTQHA,2.909090909090909
1554,SFQAARLRQHA,1.9090909090909092
1555,SFQAARLLQHA,162.1818181818182
1556,SFQAARLCQHA,1.5454545454545454
1557,SFQHARLKQHA,2.8181818181818183
1558,SFQHARLRQHA,1.8181818181818181
1559,SFQHARLLQHA,1.9090909090909092
1560,SFQHARLCQHA,1.3636363636363635
1561,SFQHARLTQHA,1.6363636363636365
1562,SFQCARLKQHA,1.8181818181818181
1563,SFQCARLRQHA,1.9090909090909092
1564,SFQCARLCQHA,1.5454545454545454
1565,SFQCARLTQHA,1.5454545454545454
1566,SFQPARLKQHA,1.7272727272727273
1567,SFQPARLRQHA,2.090909090909091
1568,SFQPARLLQHA,1.4545454545454546
1569,SFQPARLCQHA,4.090909090909091
1570,SFQPARLTQHA,1.4545454545454546
1571,SFQTARLSKHA,4.181818181818182
1572,SFQHARLSKHA,1.8181818181818181
1573,SFQTAQIRQHA,2.4545454545454546
1574,SFQTAQQCQHA,1.4545454545454546
1575,SFQTAQQTQHA,1.4545454545454546
1576,SFQTAQVKQHA,2.4545454545454546
1577,SFQTAQVRQHA,2.3636363636363638
1578,SFQQAQIRQHA,2.272727272727273
1579,SFQQAQILQHA,2.4545454545454546
1580,SFQQAQICQHA,1.5454545454545454
1581,SFQQAQQRQHA,1.2727272727272727
1582,SFQQAQQLQHA,3.0
1583,SFQQAQQTQHA,1.9090909090909092
1584,SFQQAQVKQHA,3.0
1585,SFQQAQVRQHA,2.090909090909091
1586,SFQQAQVLQHA,5.363636363636363
1587,SFQQAQVCQHA,219.27272727272728
1588,SFQQAQVTQHA,1.8181818181818181
1589,SFQLAQIRQHA,5.818181818181818
1590,SFQLAQILQHA,2.1818181818181817
1591,SFQLAQICQHA,1.9090909090909092
1592,SFQLAQITQHA,2.4545454545454546
1593,SFQLAQQKQHA,4.181818181818182
1594,SFQLAQQRQHA,1.1818181818181819
1595,SFQLAQQLQHA,6.2727272727272725
1596,SFQLAQQCQHA,1.8181818181818181
1597,SFQLAQVKQHA,2.4545454545454546
1598,SFQLAQVRQHA,95.72727272727273
1599,SFQLAQVLQHA,4.454545454545454
1600,SFQLAQVCQHA,2.8181818181818183
1601,SFQLAQVTQHA,2.090909090909091
1602,SFQAAQIKQHA,28.272727272727273
1603,SFQAAQIRQHA,3.1818181818181817
1604,SFQAAQILQHA,1.2727272727272727
1605,SFQAAQICQHA,1.3636363636363635
1606,SFQAAQITQHA,1.6363636363636365
1607,SFQAAQQKQHA,2.1818181818181817
1608,SFQAAQQRQHA,1.1818181818181819
1609,SFQAAQQLQHA,2.909090909090909
1610,SFQAAQQCQHA,2.3636363636363638
1611,SFQAAQQTQHA,1.5454545454545454
1612,SFQAAQVKQHA,1.8181818181818181
1613,SFQHAQITQHA,1.8181818181818181
1614,SFQHAQQTQHA,1.6363636363636365
1615,SFQHAQVKQHA,4.545454545454546
1616,SFQHAQVRQHA,3.1818181818181817
1617,SFQHAQVTQHA,1.9090909090909092
1618,SFQCAQIRQHA,24.545454545454547
1619,SFQCAQILQHA,24.181818181818183
1620,SFQCAQICQHA,23.90909090909091
1621,SFQCAQQKQHA,24.90909090909091
1622,SFQCAQQRQHA,45.54545454545455
1623,SFQCAQQLQHA,26.0
1624,SFQCAQQCQHA,25.09090909090909
1625,SFQCAQVCQHA,24.454545454545453
1626,SFQPAQICQHA,1.4545454545454546
1627,SFQPAQITQHA,1.9090909090909092
1628,SFQPAQQKQHA,1.8181818181818181
1629,SFQPAQVTQHA,2.090909090909091
1630,SFQTAQISKHA,1.8181818181818181
1631,SFQTAQISRHA,2.6363636363636362
1632,SFQTAQISAHA,2.1818181818181817
1633,SFQTAQVSKHA,2.090909090909091
1634,SFQTAQVSRHA,5.090909090909091
1635,SFQTAQVSAHA,1.7272727272727273
1636,SFQQAQISRHA,2.4545454545454546
1637,SFQQAQISAHA,2.090909090909091
1638,SFQQAQQSKHA,2.1818181818181817
1639,SFQQAQQSRHA,4.545454545454546
1640,SFQQAQVSKHA,1.8181818181818181
1641,SFQQAQVSRHA,2.3636363636363638
1642,SFQQAQVSAHA,1.2727272727272727
1643,SFQLAQISKHA,1.7272727272727273
1644,SFQLAQISRHA,2.3636363636363638
1645,SFQLAQISAHA,1.6363636363636365
1646,SFQLAQQSKHA,3.1818181818181817
1647,SFQLAQQSRHA,3.6363636363636362
1648,SFQLAQQSAHA,3.727272727272727
1649,SFQLAQVSKHA,1.8181818181818181
1650,SFQLAQVSRHA,1.2727272727272727
1651,SFQLAQVSAHA,12.363636363636363
1652,SFQAAQISKHA,1.4545454545454546
1653,SFQAAQISAHA,2.3636363636363638
1654,SFQAAQQSKHA,5.454545454545454
1655,SFQAAQQSRHA,6.909090909090909
1656,SFQAAQQSAHA,6.363636363636363
1657,SFQAAQVSKHA,3.1818181818181817
1658,SFQAAQVSRHA,2.3636363636363638
1659,SFQAAQVSAHA,2.272727272727273
1660,SFQHAQISKHA,1.5454545454545454
1661,SFQHAQISRHA,1.4545454545454546
1662,SFQHAQISAHA,2.8181818181818183
1663,SFQHAQQSKHA,2.272727272727273
1664,SFQHAQQSRHA,5.181818181818182
1665,SFQCAQISAHA,2.4545454545454546
1666,SFQCAQQSKHA,2.272727272727273
1667,SFQCAQQSAHA,4.363636363636363
1668,SFQCAQVSKHA,3.090909090909091
1669,SFQCAQVSRHA,1.5454545454545454
1670,SFQCAQVSAHA,11.545454545454545
1671,SFQPAQISKHA,1.5454545454545454
1672,SFQPAQISRHA,1.2727272727272727
1673,SFQPAQISAHA,3.0
1674,SFQPAQQSKHA,2.4545454545454546
1675,SFQPAQQSRHA,3.727272727272727
1676,SFQPAQQSAHA,3.090909090909091
1677,SFQPAQVSKHA,1.9090909090909092
1678,SFQPAQVSRHA,1.6363636363636365
1679,SFQPAQVSAHA,1.7272727272727273
1680,SFQTAQISQFA,3.272727272727273
1681,SFQTAQISQYA,3.909090909090909
1682,SFQTAQQSQFA,2.5454545454545454
1683,SFQTAQVSQFA,3.3636363636363638
1684,SFQTAQVSQYA,2.272727272727273
1685,SFQQAQISQFA,6.0
1686,SFQQAQISQYA,2.1818181818181817
1687,SFQQAQQSQYA,1.2727272727272727
1688,SFQQAQVSQFA,5.454545454545454
1689,SFQLAQISQFA,1.9090909090909092
1690,SFQLAQISQYA,1.7272727272727273
1691,SFQLAQQSQFA,3.090909090909091
1692,SFQLAQQSQYA,1.3636363636363635
1693,SFQLAQVSQFA,2.0
1694,SFQLAQVSQYA,1.9090909090909092
1695,SFQAAQISQFA,2.090909090909091
1696,SFQAAQISQYA,1.5454545454545454
1697,SFQAAQQSQFA,4.909090909090909
1698,SFQAAQQSQYA,4.7272727272727275
1699,SFQAAQVSQFA,3.5454545454545454
1700,SFQAAQVSQYA,3.1818181818181817
1701,SFQHAQISQFA,3.3636363636363638
1702,SFQHAQISQYA,7.363636363636363
1703,SFQHAQQSQYA,1.9090909090909092
1704,SFQHAQVSQFA,1.6363636363636365
1705,SFQHAQVSQYA,2.3636363636363638
1706,SFQCAQISQFA,2.5454545454545454
1707,SFQCAQISQYA,1.5454545454545454
1708,SFQCAQQSQYA,1.8181818181818181
1709,SFQCAQVSQFA,3.090909090909091
1710,SFQCAQVSQYA,2.8181818181818183
1711,SFQPAQISQFA,2.090909090909091
1712,SFQPAQISQYA,1.6363636363636365
1713,SFQPAQQSQFA,2.727272727272727
1714,SFQPAQQSQYA,1.6363636363636365
1715,SFQPAQVSQFA,1.4545454545454546
1716,SFQPAQVSQYA,1.8181818181818181
1717,SFQTAQISQHS,2.5454545454545454
1718,SFQTAQQSQHS,2.272727272727273
1719,SFQTAQVSQHS,10.454545454545455
1720,SFQQAQISQHS,2.090909090909091
1721,SFQQAQQSQHS,1.6363636363636365
1722,SFQQAQVSQHS,8.909090909090908
1723,SFQLAQISQHS,1.3636363636363635
1724,SFQLAQVSQHS,9.181818181818182
1725,SFQAAQISQHS,1.5454545454545454
1726,SFQHAQISQHS,13.909090909090908
1727,SFQHAQQSQHS,1.6363636363636365
1728,SFQHAQVSQHS,8.545454545454545
1729,SFQCAQISQHS,1.4545454545454546
1730,SFQCAQQSQHS,3.1818181818181817
1731,SFQCAQVSQHS,8.272727272727273
1732,SFQPAQISQHS,2.4545454545454546
1733,SFQPAQQSQHS,15.272727272727273
1734,SFQPAQVSQHS,19.636363636363637
1735,SFQTAQLKKHA,2.090909090909091
1736,SFQTAQLKRHA,2.4545454545454546
1737,SFQTAQLKAHA,1.8181818181818181
1738,SFQTAQLRKHA,2.1818181818181817
1739,SFQTAQLRRHA,4.454545454545454
1740,SFQTAQLRAHA,3.6363636363636362
1741,SFQTAQLLKHA,20.181818181818183
1742,SFQTAQLLRHA,1.9090909090909092
1743,SFQTAQLCKHA,2.090909090909091
1744,SFQTAQLCRHA,1.9090909090909092
1745,SFQTAQLCAHA,2.6363636363636362
1746,SFQTAQLTKHA,1.9090909090909092
1747,SFQTAQLTRHA,1.2727272727272727
1748,SFQTAQLTAHA,1.4545454545454546
1749,SFQQAQLKKHA,2.090909090909091
1750,SFQQAQLKRHA,5.636363636363637
1751,SFQQAQLKAHA,1.5454545454545454
1752,SFQQAQLRKHA,1.7272727272727273
1753,SFQQAQLRRHA,1.8181818181818181
1754,SFQQAQLRAHA,4.0
1755,SFQQAQLLRHA,2.5454545454545454
1756,SFQQAQLLAHA,3.909090909090909
1757,SFQQAQLCKHA,3.6363636363636362
1758,SFQQAQLCRHA,3.727272727272727
1759,SFQQAQLTRHA,3.5454545454545454
1760,SFQQAQLTAHA,2.6363636363636362
1761,SFQLAQLKKHA,1.3636363636363635
1762,SFQLAQLKRHA,1.5454545454545454
1763,SFQLAQLKAHA,1.6363636363636365
1764,SFQLAQLRKHA,1.7272727272727273
1765,SFQLAQLRRHA,2.727272727272727
1766,SFQLAQLRAHA,3.909090909090909
1767,SFQLAQLLKHA,20.272727272727273
1768,SFQLAQLLRHA,11.636363636363637
1769,SFQLAQLLAHA,4.181818181818182
1770,SFQLAQLCKHA,1.7272727272727273
1771,SFQLAQLCRHA,2.3636363636363638
1772,SFQLAQLCAHA,1.9090909090909092
1773,SFQLAQLTRHA,1.0909090909090908
1774,SFQLAQLTAHA,1.1818181818181819
1775,SFQAAQLKKHA,1.4545454545454546
1776,SFQAAQLKRHA,1.6363636363636365
1777,SFQAAQLKAHA,1.4545454545454546
1778,SFQAAQLRRHA,1.6363636363636365
1779,SFQAAQLRAHA,3.6363636363636362
1780,SFQAAQLLKHA,21.181818181818183
1781,SFQAAQLLRHA,2.0
1782,SFQAAQLLAHA,4.181818181818182
1783,SFQAAQLCKHA,1.6363636363636365
1784,SFQAAQLCRHA,1.2727272727272727
1785,SFQAAQLCAHA,2.6363636363636362
1786,SFQAAQLTKHA,1.8181818181818181
1787,SFQAAQLTRHA,1.0
1788,SFQAAQLTAHA,1.0
1789,SFQHAQLKKHA,2.090909090909091
1790,SFQHAQLKRHA,1.6363636363636365
1791,SFQHAQLKAHA,2.272727272727273
1792,SFQHAQLRKHA,3.4545454545454546
1793,SFQHAQLRRHA,2.3636363636363638
1794,SFQHAQLRAHA,8.363636363636363
1795,SFQHAQLLKHA,20.0
1796,SFQHAQLLRHA,2.1818181818181817
1797,SFQHAQLLAHA,6.090909090909091
1798,SFQHAQLCRHA,1.6363636363636365
1799,SFQHAQLTRHA,1.4545454545454546
1800,SFQHAQLTAHA,2.5454545454545454
1801,SFQCAQLKRHA,3.6363636363636362
1802,SFQCAQLKAHA,2.909090909090909
1803,SFQCAQLRKHA,5.2727272727272725
1804,SFQCAQLRRHA,3.8181818181818183
1805,SFQCAQLRAHA,7.909090909090909
1806,SFQCAQLLRHA,5.2727272727272725
1807,SFQCAQLLAHA,7.363636363636363
1808,SFQCAQLCKHA,1.8181818181818181
1809,SFQCAQLCRHA,1.5454545454545454
1810,SFQCAQLCAHA,3.5454545454545454
1811,SFQCAQLTRHA,7.090909090909091
1812,SFQCAQLTAHA,8.818181818181818
1813,SFQPAQLKKHA,1.5454545454545454
1814,SFQPAQLKRHA,1.3636363636363635
1815,SFQPAQLKAHA,1.1818181818181819
1816,SFQPAQLRKHA,3.0
1817,SFQPAQLRRHA,1.0
1818,SFQPAQLRAHA,3.727272727272727
1819,SFQPAQLLKHA,20.545454545454547
1820,SFQPAQLLRHA,1.6363636363636365
1821,SFQPAQLLAHA,4.181818181818182
1822,SFQPAQLCKHA,3.3636363636363638
1823,SFQPAQLCRHA,12.0
1824,SFQPAQLCAHA,3.272727272727273
1825,SFQPAQLTKHA,20.545454545454547
1826,SFQPAQLTRHA,3.090909090909091
1827,SFQPAQLTAHA,3.4545454545454546
1828,SFQTAQLKQFA,3.6363636363636362
1829,SFQTAQLRQFA,2.4545454545454546
1830,SFQTAQLRQYA,1.5454545454545454
1831,SFQTAQLLQFA,5.7272727272727275
1832,SFQTAQLLQYA,4.181818181818182
1833,SFQTAQLCQFA,19.454545454545453
1834,SFQTAQLCQYA,1.9090909090909092
1835,SFQTAQLTQFA,3.0
1836,SFQTAQLTQYA,1.7272727272727273
1837,SFQQAQLKQFA,5.636363636363637
1838,SFQQAQLKQYA,1.4545454545454546
1839,SFQQAQLRQFA,4.909090909090909
1840,SFQQAQLLQYA,1.2727272727272727
1841,SFQQAQLCQFA,9.181818181818182
1842,SFQQAQLCQYA,5.454545454545454
1843,SFQQAQLTQFA,7.2727272727272725
1844,SFQQAQLTQYA,3.1818181818181817
1845,SFQLAQLKQYA,1.6363636363636365
1846,SFQLAQLRQYA,1.7272727272727273
1847,SFQLAQLLQFA,2.8181818181818183
1848,SFQLAQLLQYA,3.272727272727273
1849,SFQLAQLCQYA,1.4545454545454546
1850,SFQLAQLTQFA,1.5454545454545454
1851,SFQLAQLTQYA,1.5454545454545454
1852,SFQAAQLKQFA,1.6363636363636365
1853,SFQAAQLKQYA,12.090909090909092
1854,SFQAAQLRQFA,1.5454545454545454
1855,SFQAAQLRQYA,1.3636363636363635
1856,SFQAAQLLQFA,2.4545454545454546
1857,SFQAAQLLQYA,1.9090909090909092
1858,SFQAAQLCQFA,2.272727272727273
1859,SFQAAQLCQYA,3.1818181818181817
1860,SFQAAQLTQFA,1.4545454545454546
1861,SFQAAQLTQYA,1.7272727272727273
1862,SFQHAQLKQFA,1.3636363636363635
1863,SFQHAQLLQFA,1.3636363636363635
1864,SFQHAQLLQYA,3.272727272727273
1865,SFQHAQLCQFA,1.3636363636363635
1866,SFQHAQLCQYA,3.4545454545454546
1867,SFQHAQLTQYA,3.6363636363636362
1868,SFQCAQLKQFA,2.0
1869,SFQCAQLKQYA,1.0
1870,SFQCAQLRQFA,4.909090909090909
1871,SFQCAQLLQFA,3.090909090909091
1872,SFQCAQLLQYA,2.909090909090909
1873,SFQCAQLCQFA,2.6363636363636362
1874,SFQCAQLCQYA,1.3636363636363635
1875,SFQCAQLTQFA,7.7272727272727275
1876,SFQCAQLTQYA,6.909090909090909
1877,SFQPAQLKQFA,1.9090909090909092
1878,SFQPAQLKQYA,1.0909090909090908
1879,SFQPAQLRQFA,1.6363636363636365
1880,SFQPAQLRQYA,1.3636363636363635
1881,SFQPAQLLQFA,2.6363636363636362
1882,SFQPAQLLQYA,1.1818181818181819
1883,SFQPAQLCQFA,3.4545454545454546
1884,SFQPAQLCQYA,3.272727272727273
1885,SFQPAQLTQFA,3.090909090909091
1886,SFQPAQLTQYA,3.1818181818181817
1887,SFQTAQLKQHS,3.6363636363636362
1888,SFQTAQLRQHS,4.2727272727272725
1889,SFQTAQLLQHS,3.5454545454545454
1890,SFQTAQLCQHS,4.545454545454546
1891,SFQTAQLTQHS,265.45454545454544
1892,SFQQAQLKQHS,2.0
1893,SFQQAQLRQHS,2.272727272727273
1894,SFQQAQLLQHS,1.7272727272727273
1895,SFQQAQLCQHS,6.181818181818182
1896,SFQQAQLTQHS,1.6363636363636365
1897,SFQLAQLKQHS,1.5454545454545454
1898,SFQLAQLRQHS,2.5454545454545454
1899,SFQLAQLLQHS,1.5454545454545454
1900,SFQLAQLCQHS,6.909090909090909
1901,SFQAAQLKQHS,1.2727272727272727
1902,SFQAAQLRQHS,1.9090909090909092
1903,SFQAAQLLQHS,3.0
1904,SFQAAQLCQHS,2.272727272727273
1905,SFQAAQLTQHS,1.2727272727272727
1906,SFQHAQLKQHS,1.0909090909090908
1907,SFQHAQLRQHS,5.090909090909091
1908,SFQHAQLLQHS,1.6363636363636365
1909,SFQHAQLTQHS,2.1818181818181817
1910,SFQCAQLKQHS,6.181818181818182
1911,SFQCAQLRQHS,3.272727272727273
1912,SFQCAQLLQHS,3.3636363636363638
1913,SFQCAQLCQHS,1.0909090909090908
1914,SFQCAQLTQHS,3.0
1915,SFQPAQLKQHS,4.545454545454546
1916,SFQPAQLRQHS,4.090909090909091
1917,SFQPAQLLQHS,2.6363636363636362
1918,SFQPAQLCQHS,2.727272727272727
1919,SFQPAQLTQHS,1.3636363636363635
1920,SFQTAQLSKFA,1.7272727272727273
1921,SFQTAQLSKYA,2.090909090909091
1922,SFQTAQLSRFA,4.454545454545454
1923,SFQTAQLSAFA,1.6363636363636365
1924,SFQTAQLSAYA,8.363636363636363
1925,SFQQAQLSKFA,1.0
1926,SFQQAQLSKYA,1.9090909090909092
1927,SFQQAQLSRFA,1.1818181818181819
1928,SFQQAQLSAFA,1.5454545454545454
1929,SFQQAQLSAYA,5.454545454545454
1930,SFQLAQLSKFA,148.1818181818182
1931,SFQLAQLSKYA,1.8181818181818181
1932,SFQLAQLSRFA,1.6363636363636365
1933,SFQLAQLSRYA,2.0
1934,SFQLAQLSAFA,2.090909090909091
1935,SFQLAQLSAYA,6.181818181818182
1936,SFQAAQLSKFA,1.9090909090909092
1937,SFQAAQLSKYA,1.7272727272727273
1938,SFQAAQLSRFA,3.090909090909091
1939,SFQAAQLSRYA,1.8181818181818181
1940,SFQAAQLSAYA,4.909090909090909
1941,SFQHAQLSKFA,1.1818181818181819
1942,SFQHAQLSKYA,3.727272727272727
1943,SFQHAQLSRYA,2.5454545454545454
1944,SFQHAQLSAFA,2.0
1945,SFQCAQLSKFA,2.5454545454545454
1946,SFQCAQLSRFA,2.909090909090909
1947,SFQCAQLSRYA,4.454545454545454
1948,SFQCAQLSAFA,3.1818181818181817
1949,SFQPAQLSKFA,1.0909090909090908
1950,SFQPAQLSKYA,2.4545454545454546
1951,SFQTAQLSKHS,2.272727272727273
1952,SFQTAQLSRHS,33.90909090909091
1953,SFQTAQLSAHS,3.8181818181818183
1954,SFQQAQLSKHS,1.4545454545454546
1955,SFQQAQLSRHS,1.2727272727272727
1956,SFQLAQLSKHS,1.4545454545454546
1957,SFQLAQLSRHS,1.1818181818181819
1958,SFQLAQLSAHS,4.2727272727272725
1959,SFQAAQLSKHS,8.909090909090908
1960,SFQAAQLSRHS,3.272727272727273
1961,SFQAAQLSAHS,1.0
1962,SFQHAQLSKHS,1.6363636363636365
1963,SFQHAQLSRHS,1.2727272727272727
1964,SFQHAQLSAHS,1.2727272727272727
1965,SFQCAQLSKHS,2.272727272727273
1966,SFQCAQLSRHS,1.1818181818181819
1967,SFQCAQLSAHS,1.0
1968,SFQPAQLSKHS,1.7272727272727273
1969,SFQPAQLSRHS,1.5454545454545454
1970,SFQPAQLSAHS,1.0909090909090908
1971,SFQTAQLSQFS,2.4545454545454546
1972,SFQTAQLSQYS,5.090909090909091
1973,SFQQAQLSQFS,1.8181818181818181
1974,SFQQAQLSQYS,2.8181818181818183
1975,SFQLAQLSQFS,1.8181818181818181
1976,SFQLAQLSQYS,2.4545454545454546
1977,SFQAAQLSQYS,4.909090909090909
1978,SFQHAQLSQFS,1.9090909090909092
1979,SFQHAQLSQYS,3.0
1980,SFQCAQLSQFS,3.727272727272727
1981,SFQCAQLSQYS,2.5454545454545454
1982,SFQPAQLSQFS,4.2727272727272725
1983,SFQPAQLSQYS,5.181818181818182
1984,SFQRMRISQHA,3.6363636363636362
1985,SFQRMRQSQHA,5.0
1986,SFQRMRVSQHA,2.3636363636363638
1987,SFQRIRISQHA,8.818181818181818
1988,SFQRIRQSQHA,2.0
1989,SFQRIRVSQHA,1.8181818181818181
1990,SFQRMRLKQHA,4.7272727272727275
1991,SFQRMRLRQHA,4.181818181818182
1992,SFQRMRLLQHA,3.727272727272727
1993,SFQRMRLCQHA,1.1818181818181819
1994,SFQRMRLTQHA,1.3636363636363635
1995,SFQRIRLKQHA,4.0
1996,SFQRIRLRQHA,2.5454545454545454
1997,SFQRIRLLQHA,2.090909090909091
1998,SFQRIRLCQHA,1.2727272727272727
1999,SFQRMRLSKHA,3.4545454545454546
2000,SFQRMRLSRHA,2.909090909090909
2001,SFQRMRLSAHA,2.1818181818181817
2002,SFQRIRLSKHA,2.5454545454545454
2003,SFQRIRLSRHA,2.272727272727273
2004,SFQRIRLSAHA,2.0
2005,SFQRMRLSQFA,7.454545454545454
2006,SFQRIRLSQYA,2.090909090909091
2007,SFQRMRLSQHS,2.4545454545454546
2008,SFQRMQILQHA,2.090909090909091
2009,SFQRMQICQHA,2.1818181818181817
2010,SFQRMQITQHA,4.818181818181818
2011,SFQRMQQKQHA,3.8181818181818183
2012,SFQRMQQRQHA,3.6363636363636362
2013,SFQRMQQLQHA,1.6363636363636365
2014,SFQRMQQCQHA,1.5454545454545454
2015,SFQRMQQTQHA,1.4545454545454546
2016,SFQRMQVKQHA,1.8181818181818181
2017,SFQRMQVRQHA,1.9090909090909092
2018,SFQRMQVLQHA,1.0909090909090908
2019,SFQRMQVCQHA,3.4545454545454546
2020,SFQRMQVTQHA,20.90909090909091
2021,SFQRIQIKQHA,26.09090909090909
2022,SFQRIQIRQHA,1.2727272727272727
2023,SFQRIQILQHA,1.7272727272727273
2024,SFQRIQICQHA,2.272727272727273
2025,SFQRIQITQHA,4.636363636363637
2026,SFQRIQQKQHA,2.5454545454545454
2027,SFQRIQQRQHA,2.4545454545454546
2028,SFQRIQQLQHA,1.8181818181818181
2029,SFQRIQQCQHA,46.0
2030,SFQRIQQTQHA,1.3636363636363635
2031,SFQRIQVLQHA,1.2727272727272727
2032,SFQRIQVCQHA,3.5454545454545454
2033,SFQRMQISRHA,1.8181818181818181
2034,SFQRMQISAHA,3.6363636363636362
2035,SFQRMQQSKHA,2.272727272727273
2036,SFQRMQQSRHA,3.0
2037,SFQRMQQSAHA,4.363636363636363
2038,SFQRMQVSKHA,2.3636363636363638
2039,SFQRMQVSRHA,2.090909090909091
2040,SFQRMQVSAHA,9.0
2041,SFQRIQISKHA,4.454545454545454
2042,SFQRIQISRHA,1.3636363636363635
2043,SFQRIQISAHA,5.454545454545454
2044,SFQRIQQSKHA,2.4545454545454546
2045,SFQRIQQSRHA,3.1818181818181817
2046,SFQRIQQSAHA,5.909090909090909
2047,SFQRIQVSKHA,2.727272727272727
2048,SFQRIQVSRHA,1.8181818181818181
2049,SFQRIQVSAHA,9.545454545454545
2050,SFQRMQISQFA,5.181818181818182
2051,SFQRMQISQYA,2.5454545454545454
2052,SFQRMQQSQFA,4.363636363636363
2053,SFQRMQQSQYA,1.9090909090909092
2054,SFQRMQVSQFA,5.909090909090909
2055,SFQRMQVSQYA,1.9090909090909092
2056,SFQRIQISQFA,1.8181818181818181
2057,SFQRIQISQYA,2.6363636363636362
2058,SFQRIQQSQFA,2.8181818181818183
2059,SFQRIQQSQYA,1.9090909090909092
2060,SFQRIQVSQFA,1.0909090909090908
2061,SFQRIQVSQYA,1.5454545454545454
2062,SFQRMQISQHS,1.3636363636363635
2063,SFQRMQQSQHS,3.4545454545454546
2064,SFQRMQVSQHS,9.0
2065,SFQRIQISQHS,3.4545454545454546
2066,SFQRIQQSQHS,4.181818181818182
2067,SFQRIQVSQHS,11.0
2068,SFQRMQLKKHA,1.6363636363636365
2069,SFQRMQLKRHA,3.727272727272727
2070,SFQRMQLKAHA,1.8181818181818181
2071,SFQRMQLRKHA,2.0
2072,SFQRMQLRRHA,1.5454545454545454
2073,SFQRMQLRAHA,2.4545454545454546
2074,SFQRMQLLRHA,1.6363636363636365
2075,SFQRMQLLAHA,1.4545454545454546
2076,SFQRMQLCKHA,1.6363636363636365
2077,SFQRMQLCRHA,2.272727272727273
2078,SFQRMQLTKHA,1.3636363636363635
2079,SFQRMQLTRHA,1.1818181818181819
2080,SFQRMQLTAHA,1.3636363636363635
2081,SFQRIQLKKHA,2.909090909090909
2082,SFQRIQLKRHA,1.5454545454545454
2083,SFQRIQLKAHA,1.9090909090909092
2084,SFQRIQLRKHA,3.272727272727273
2085,SFQRIQLRRHA,3.0
2086,SFQRIQLRAHA,3.272727272727273
2087,SFQRIQLLKHA,19.90909090909091
2088,SFQRIQLLAHA,1.1818181818181819
2089,SFQRIQLCKHA,2.272727272727273
2090,SFQRIQLCRHA,2.272727272727273
2091,SFQRIQLCAHA,1.2727272727272727
2092,SFQRIQLTKHA,2.1818181818181817
2093,SFQRIQLTRHA,1.0909090909090908
2094,SFQRIQLTAHA,1.3636363636363635
2095,SFQRMQLKQFA,5.0
2096,SFQRMQLKQYA,1.8181818181818181
2097,SFQRMQLRQFA,4.181818181818182
2098,SFQRMQLRQYA,2.5454545454545454
2099,SFQRMQLLQFA,5.545454545454546
2100,SFQRMQLLQYA,2.5454545454545454
2101,SFQRMQLCQYA,2.3636363636363638
2102,SFQRMQLTQFA,7.181818181818182
2103,SFQRMQLTQYA,4.181818181818182
2104,SFQRIQLKQFA,1.8181818181818181
2105,SFQRIQLKQYA,2.0
2106,SFQRIQLRQFA,1.2727272727272727
2107,SFQRIQLRQYA,1.9090909090909092
2108,SFQRIQLLQFA,2.3636363636363638
2109,SFQRIQLLQYA,2.4545454545454546
2110,SFQRIQLCQFA,2.090909090909091
2111,SFQRIQLCQYA,2.5454545454545454
2112,SFQRIQLTQFA,3.5454545454545454
2113,SFQRIQLTQYA,11.363636363636363
2114,SFQRMQLKQHS,1.5454545454545454
2115,SFQRMQLRQHS,2.727272727272727
2116,SFQRMQLLQHS,2.3636363636363638
2117,SFQRMQLCQHS,1.1818181818181819
2118,SFQRMQLTQHS,1.0909090909090908
2119,SFQRIQLKQHS,3.5454545454545454
2120,SFQRIQLRQHS,3.3636363636363638
2121,SFQRIQLLQHS,3.4545454545454546
2122,SFQRIQLCQHS,22.181818181818183
2123,SFQRIQLTQHS,3.6363636363636362
2124,SFQRMQLSKFA,1.3636363636363635
2125,SFQRMQLSKYA,2.090909090909091
2126,SFQRMQLSRFA,1.3636363636363635
2127,SFQRMQLSRYA,2.1818181818181817
2128,SFQRMQLSAFA,1.9090909090909092
2129,SFQRMQLSAYA,5.2727272727272725
2130,SFQRIQLSKFA,1.6363636363636365
2131,SFQRIQLSKYA,1.7272727272727273
2132,SFQRIQLSRFA,1.3636363636363635
2133,SFQRIQLSRYA,2.727272727272727
2134,SFQRIQLSAFA,1.9090909090909092
2135,SFQRIQLSAYA,4.454545454545454
2136,SFQRMQLSKHS,4.818181818181818
2137,SFQRMQLSRHS,4.363636363636363
2138,SFQRMQLSAHS,4.090909090909091
2139,SFQRIQLSKHS,23.272727272727273
2140,SFQRIQLSRHS,1.5454545454545454
2141,SFQRIQLSAHS,2.3636363636363638
2142,SFQRMQLSQFS,5.363636363636363
2143,SFQRMQLSQYS,6.545454545454546
2144,SFQRIQLSQFS,1.8181818181818181
2145,SFQRIQLSQYS,3.0
2146,SFQRARIKQHA,4.818181818181818
2147,SFQRARIRQHA,6.181818181818182
2148,SFQRARILQHA,5.454545454545454
2149,SFQRARICQHA,4.545454545454546
2150,SFQRARITQHA,5.090909090909091
2151,SFQRARQKQHA,4.454545454545454
2152,SFQRARQRQHA,4.090909090909091
2153,SFQRARQLQHA,7.545454545454546
2154,SFQRARQCQHA,4.090909090909091
2155,SFQRARQTQHA,4.363636363636363
2156,SFQRARVKQHA,9.272727272727273
2157,SFQRARVRQHA,13.545454545454545
2158,SFQRARVLQHA,11.818181818181818
2159,SFQRARVCQHA,18.09090909090909
2160,SFQRARVTQHA,8.363636363636363
2161,SFQRARISKHA,1.3636363636363635
2162,SFQRARISRHA,5.090909090909091
2163,SFQRARISAHA,1.2727272727272727
2164,SFQRARQSKHA,6.636363636363637
2165,SFQRARQSRHA,6.545454545454546
2166,SFQRARQSAHA,5.818181818181818
2167,SFQRARVSKHA,11.272727272727273
2168,SFQRARVSRHA,9.272727272727273
2169,SFQRARVSAHA,8.727272727272727
2170,SFQRARISQFA,1.5454545454545454
2171,SFQRARISQYA,2.3636363636363638
2172,SFQRARQSQFA,6.0
2173,SFQRARQSQYA,8.090909090909092
2174,SFQRARVSQFA,8.181818181818182
2175,SFQRARVSQYA,9.272727272727273
2176,SFQRARISQHS,4.0
2177,SFQRARVSQHS,16.727272727272727
2178,SFQRARLKKHA,4.0
2179,SFQRARLKRHA,3.727272727272727
2180,SFQRARLKAHA,3.8181818181818183
2181,SFQRARLRKHA,3.3636363636363638
2182,SFQRARLRRHA,1.6363636363636365
2183,SFQRARLRAHA,3.909090909090909
2184,SFQRARLLKHA,2.1818181818181817
2185,SFQRARLLRHA,1.3636363636363635
2186,SFQRARLLAHA,1.0
2187,SFQRARLCKHA,1.6363636363636365
2188,SFQRARLCRHA,3.8181818181818183
2189,SFQRARLCAHA,1.2727272727272727
2190,SFQRARLTKHA,1.6363636363636365
2191,SFQRARLTRHA,1.5454545454545454
2192,SFQRARLTAHA,1.5454545454545454
2193,SFQRARLKQFA,5.454545454545454
2194,SFQRARLKQYA,5.545454545454546
2195,SFQRARLRQFA,10.363636363636363
2196,SFQRARLRQYA,3.8181818181818183
2197,SFQRARLLQFA,5.090909090909091
2198,SFQRARLLQYA,6.0
2199,SFQRARLCQFA,2.272727272727273
2200,SFQRARLCQYA,2.3636363636363638
2201,SFQRARLTQFA,2.272727272727273
2202,SFQRARLKQHS,7.7272727272727275
2203,SFQRARLRQHS,30.90909090909091
2204,SFQRARLLQHS,3.4545454545454546
2205,SFQRARLCQHS,4.909090909090909
2206,SFQRARLTQHS,3.5454545454545454
2207,SFQRARLSKFA,3.909090909090909
2208,SFQRARLSKYA,3.272727272727273
2209,SFQRARLSRFA,9.636363636363637
2210,SFQRARLSAFA,2.272727272727273
2211,SFQRARLSAYA,2.6363636363636362
2212,SFQRARLSRHS,2.727272727272727
2213,SFQRARLSAHS,2.272727272727273
2214,SFQRARLSQFS,2.0
2215,SFQRARLSQYS,1.8181818181818181
2216,SFQRAQIKKHA,9.272727272727273
2217,SFQRAQIKRHA,6.2727272727272725
2218,SFQRAQIKAHA,1.3636363636363635
2219,SFQRAQIRRHA,7.909090909090909
2220,SFQRAQIRAHA,2.090909090909091
2221,SFQRAQILKHA,21.90909090909091
2222,SFQRAQILRHA,26.181818181818183
2223,SFQRAQILAHA,22.181818181818183
2224,SFQRAQICKHA,1.8181818181818181
2225,SFQRAQICRHA,7.454545454545454
2226,SFQRAQICAHA,2.0
2227,SFQRAQITKHA,2.3636363636363638
2228,SFQRAQITRHA,5.2727272727272725
2229,SFQRAQITAHA,25.727272727272727
2230,SFQRAQQKKHA,1.7272727272727273
2231,SFQRAQQKRHA,3.6363636363636362
2232,SFQRAQQKAHA,1.7272727272727273
2233,SFQRAQQRKHA,2.727272727272727
2234,SFQRAQQRRHA,2.4545454545454546
2235,SFQRAQQRAHA,2.909090909090909
2236,SFQRAQQLKHA,1.8181818181818181
2237,SFQRAQQLRHA,2.0
2238,SFQRAQQLAHA,2.3636363636363638
2239,SFQRAQQCKHA,5.2727272727272725
2240,SFQRAQQCRHA,4.363636363636363
2241,SFQRAQQCAHA,7.181818181818182
2242,SFQRAQQTKHA,2.4545454545454546
2243,SFQRAQQTRHA,1.6363636363636365
2244,SFQRAQQTAHA,1.7272727272727273
2245,SFQRAQVKKHA,3.0
2246,SFQRAQVKRHA,3.3636363636363638
2247,SFQRAQVKAHA,2.090909090909091
2248,SFQRAQVRKHA,2.0
2249,SFQRAQVRRHA,6.090909090909091
2250,SFQRAQVRAHA,1.3636363636363635
2251,SFQRAQVLKHA,2.4545454545454546
2252,SFQRAQVLRHA,7.0
2253,SFQRAQVLAHA,2.4545454545454546
2254,SFQRAQVCKHA,2.5454545454545454
2255,SFQRAQVCRHA,61.36363636363637
2256,SFQRAQVCAHA,3.6363636363636362
2257,SFQRAQVTKHA,1.7272727272727273
2258,SFQRAQVTRHA,1.2727272727272727
2259,SFQRAQVTAHA,2.0
2260,SFQRAQIKQFA,2.3636363636363638
2261,SFQRAQIKQYA,3.727272727272727
2262,SFQRAQIRQFA,3.3636363636363638
2263,SFQRAQIRQYA,3.6363636363636362
2264,SFQRAQILQFA,21.90909090909091
2265,SFQRAQILQYA,23.545454545454547
2266,SFQRAQICQFA,2.4545454545454546
2267,SFQRAQICQYA,3.4545454545454546
2268,SFQRAQITQFA,4.454545454545454
2269,SFQRAQITQYA,6.090909090909091
2270,SFQRAQQKQFA,1.5454545454545454
2271,SFQRAQQKQYA,3.6363636363636362
2272,SFQRAQQRQFA,3.3636363636363638
2273,SFQRAQQRQYA,3.1818181818181817
2274,SFQRAQQLQFA,6.0
2275,SFQRAQQLQYA,2.8181818181818183
2276,SFQRAQQCQFA,2.6363636363636362
2277,SFQRAQQCQYA,6.0
2278,SFQRAQQTQFA,1.1818181818181819
2279,SFQRAQQTQYA,2.272727272727273
2280,SFQRAQVKQFA,2.8181818181818183
2281,SFQRAQVKQYA,4.545454545454546
2282,SFQRAQVRQFA,3.1818181818181817
2283,SFQRAQVRQYA,4.0
2284,SFQRAQVLQFA,2.8181818181818183
2285,SFQRAQVLQYA,18.454545454545453
2286,SFQRAQVCQFA,2.0
2287,SFQRAQVCQYA,3.727272727272727
2288,SFQRAQVTQFA,20.181818181818183
2289,SFQRAQVTQYA,21.363636363636363
2290,SFQRAQIKQHS,3.1818181818181817
2291,SFQRAQIRQHS,1.2727272727272727
2292,SFQRAQILQHS,3.6363636363636362
2293,SFQRAQICQHS,1.7272727272727273
2294,SFQRAQITQHS,17.545454545454547
2295,SFQRAQQKQHS,3.0
2296,SFQRAQQRQHS,7.363636363636363
2297,SFQRAQQLQHS,2.272727272727273
2298,SFQRAQQCQHS,1.3636363636363635
2299,SFQRAQQTQHS,2.4545454545454546
2300,SFQRAQVKQHS,5.0
2301,SFQRAQVRQHS,4.181818181818182
2302,SFQRAQVLQHS,1.3636363636363635
2303,SFQRAQVCQHS,4.0
2304,SFQRAQVTQHS,1.9090909090909092
2305,SFQRAQISKFA,13.181818181818182
2306,SFQRAQISKYA,6.2727272727272725
2307,SFQRAQISAFA,5.818181818181818
2308,SFQRAQISAYA,2.3636363636363638
2309,SFQRAQQSKFA,3.0
2310,SFQRAQQSKYA,2.3636363636363638
2311,SFQRAQQSRFA,1.1818181818181819
2312,SFQRAQQSRYA,1.2727272727272727
2313,SFQRAQQSAFA,2.909090909090909
2314,SFQRAQQSAYA,2.5454545454545454
2315,SFQRAQVSKYA,2.0
2316,SFQRAQISRHS,1.8181818181818181
2317,SFQRAQVSKHS,2.1818181818181817
2318,SFQRAQISQFS,2.6363636363636362
2319,SFQRAQISQYS,2.727272727272727
2320,SFQRAQVSQYS,6.363636363636363
2321,SFQRAQLKRYA,1.4545454545454546
2322,SFQRAQLRKFA,3.0
2323,SFQRAQLRKYA,2.909090909090909
2324,SFQRAQLRAFA,4.0
2325,SFQRAQLRAYA,2.4545454545454546
2326,SFQRAQLLRYA,3.727272727272727
2327,SFQRAQLCKFA,2.727272727272727
2328,SFQRAQLCAFA,1.5454545454545454
2329,SFQRAQLCAYA,11.0
2330,SFQRAQLTKYA,1.5454545454545454
2331,SFQRAQLTAYA,1.6363636363636365
2332,SFQRAQLRKHS,2.727272727272727
2333,SFQRAQLRRHS,1.6363636363636365
2334,SFQRAQLLKHS,15.818181818181818
2335,SFQRAQLLRHS,2.1818181818181817
2336,SFQRAQLCKHS,1.1818181818181819
2337,SFQRAQLTKHS,1.8181818181818181
2338,SFQRAQLTRHS,1.6363636363636365
2339,SFQRAQLKQYS,2.4545454545454546
2340,SFQRAQLRQYS,2.090909090909091
2341,SFQRAQLLQFS,2.4545454545454546
2342,SFQRAQLLQYS,4.090909090909091
2343,SFQRAQLCQYS,2.0
2344,SFQRAQLSRYS,1.1818181818181819
2345,SFQRAQLSAYS,1.3636363636363635
